O,3,5,4,3,2,8,7,7,4,9,6,8,2,8,3,8
B,3,5,5,4,4,9,6,3,6,11,4,7,4,7,5,9
K,8,12,7,6,4,9,8,3,7,9,4,6,6,9,4,8
D,6,10,8,8,5,10,5,4,8,11,3,7,4,6,4,9
O,3,7,5,5,3,8,6,7,4,7,5,8,3,8,3,7
I,2,5,3,4,1,7,7,0,8,13,6,8,0,8,1,8
Y,3,2,5,4,2,6,10,1,8,8,11,8,1,11,2,8
I,3,7,4,5,2,8,6,2,7,7,6,7,0,9,4,7
D,5,8,5,6,4,6,7,9,8,7,7,6,2,8,3,8
H,5,8,7,6,6,8,6,7,7,7,7,7,3,8,3,8
O,6,9,6,7,4,6,8,8,5,10,8,7,4,8,4,9
D,6,12,6,6,4,6,8,5,7,9,6,6,5,9,7,5
O,3,6,3,4,3,7,8,7,4,9,7,10,3,8,2,9
I,1,4,2,3,1,7,8,0,7,13,6,8,0,8,1,7
H,3,7,5,5,6,7,6,5,4,6,6,8,6,8,8,10
G,5,11,6,8,8,8,7,5,2,6,6,10,7,8,6,12
O,9,15,7,8,4,8,6,5,6,8,3,8,6,9,5,8
O,4,3,5,4,2,7,7,8,8,7,6,8,3,8,4,8
L,1,0,1,1,0,2,1,5,5,0,2,5,0,8,0,8
G,3,4,4,3,2,6,7,5,5,9,7,10,2,9,4,9
O,4,8,5,6,4,7,7,8,4,7,6,10,3,8,3,8
K,3,6,4,4,1,3,6,7,3,7,7,11,3,8,2,10
D,6,9,9,8,8,6,7,5,7,7,4,7,4,6,6,5
Y,4,4,6,6,1,7,10,3,2,7,13,8,2,11,0,8
G,2,2,3,3,2,7,6,6,5,6,6,10,2,9,4,9
I,4,6,6,7,5,9,8,5,6,7,6,8,3,9,8,8
H,8,10,8,5,5,5,9,3,4,10,7,9,5,7,3,6
D,5,5,5,8,3,5,7,11,9,7,6,5,3,8,4,8
H,2,6,4,4,5,9,6,3,3,6,6,7,5,9,6,7
K,2,1,3,2,2,5,7,4,7,7,6,11,3,8,4,9
G,3,9,4,6,4,7,6,7,6,6,5,8,1,7,6,11
Y,5,6,5,4,3,5,9,1,7,9,10,6,1,11,3,5
I,3,9,4,6,3,6,8,0,7,13,7,8,0,8,1,7
L,4,5,5,5,4,8,7,4,5,7,6,8,3,8,8,11
C,5,7,5,5,3,6,7,6,8,12,8,12,2,10,4,7
Y,6,7,6,5,3,2,11,4,5,12,12,7,2,11,2,6
Y,1,1,2,1,0,7,10,2,2,7,12,8,1,11,0,8
I,8,14,5,8,3,10,4,4,7,11,2,7,3,7,5,11
I,6,10,8,8,5,9,5,2,6,6,7,6,0,10,4,7
L,2,3,2,2,1,4,3,5,7,2,2,5,0,7,1,6
I,1,9,2,6,3,8,7,0,7,7,6,7,0,8,2,7
O,5,8,6,6,4,8,6,8,5,10,5,8,3,8,3,8
K,8,15,8,8,5,3,8,4,6,10,11,11,5,11,4,7
I,1,4,0,6,0,7,7,4,4,7,6,8,0,8,0,8
I,1,3,2,1,0,7,7,1,6,13,6,8,0,8,0,8
Y,3,4,5,3,2,4,10,2,8,11,10,5,2,11,3,3
C,5,5,6,7,2,5,7,7,11,7,6,12,1,8,4,9
I,1,6,2,4,1,7,7,0,8,7,6,8,0,8,3,8
I,1,5,2,3,1,7,7,0,7,13,6,8,0,8,1,7
I,0,0,0,0,0,7,7,4,4,7,6,8,0,8,0,8
Y,2,1,4,2,1,8,11,1,7,5,11,9,1,11,2,8
H,4,5,7,4,4,7,7,3,6,10,6,8,3,8,3,7
K,6,9,7,4,4,10,6,4,5,11,2,7,5,7,3,9
Y,2,2,4,3,2,6,10,1,7,8,12,8,2,11,2,7
L,2,5,4,3,2,6,4,1,8,8,2,10,0,7,2,8
Y,3,5,5,7,1,9,10,2,2,5,12,8,1,11,0,8
I,6,12,4,6,2,11,3,4,6,11,2,7,3,8,3,12
I,5,7,6,8,6,7,9,4,5,8,7,7,4,8,9,10
K,4,8,6,6,5,5,6,4,7,6,6,10,3,8,5,10
O,3,4,4,3,2,7,7,7,4,9,7,8,2,8,3,8
Y,5,8,5,6,3,3,10,1,7,11,11,6,1,10,3,4
K,4,4,4,6,2,4,7,8,1,7,6,11,3,8,2,11
H,1,0,1,0,0,7,7,10,2,7,6,8,2,8,0,8
L,2,5,3,4,2,7,4,1,8,8,2,10,0,7,2,8
Y,5,10,8,7,4,8,10,1,7,4,11,9,2,12,3,8
Y,1,0,2,0,0,7,9,3,1,7,13,8,1,11,0,8
I,1,6,2,4,1,7,7,1,8,7,6,8,0,8,3,8
O,9,12,6,7,3,8,7,6,5,9,4,7,5,9,5,9
H,6,9,9,6,7,10,6,3,6,10,3,7,5,6,4,9
H,2,3,4,1,2,7,8,3,5,10,7,7,3,9,2,7
G,4,6,6,4,5,7,8,5,3,6,6,8,5,7,7,7
Y,2,4,3,3,1,6,10,1,7,8,11,8,1,11,2,7
Y,4,5,6,7,1,7,10,2,2,7,13,8,2,11,0,8
I,2,7,3,5,1,6,8,1,8,14,7,7,0,8,1,7
O,4,9,5,7,2,8,7,9,8,7,6,9,3,8,4,8
O,3,1,4,3,2,7,7,7,5,7,6,8,2,8,3,8
Y,7,8,6,6,3,3,10,3,7,11,12,6,2,11,3,5
Y,3,5,5,8,6,7,10,3,2,7,8,9,3,11,8,5
O,5,9,4,4,2,9,7,5,4,9,4,8,4,9,5,8
I,4,9,5,7,3,9,6,0,7,13,5,8,0,8,1,8
K,6,8,8,6,6,8,6,1,6,10,4,9,5,7,5,11
C,9,12,6,7,3,8,8,6,8,12,6,8,2,9,5,9
G,3,4,4,3,2,6,7,5,5,9,7,9,2,9,4,9
C,4,10,5,8,2,5,7,7,10,7,5,14,1,9,4,9
I,0,8,0,5,0,7,7,4,4,7,6,8,0,8,0,8
D,4,6,5,4,4,9,6,4,6,9,4,6,3,8,3,8
O,4,7,4,5,3,7,7,8,5,10,6,8,3,8,3,7
B,2,6,4,4,3,7,7,7,6,7,6,6,2,8,7,9
G,3,7,4,5,2,7,6,8,9,8,4,12,1,9,5,10
I,0,0,0,0,0,7,7,4,4,7,6,8,0,8,0,8
L,6,12,6,7,3,7,4,3,6,11,4,13,3,6,6,8
I,3,9,4,6,3,8,7,0,7,13,6,8,0,8,1,8
I,4,10,6,8,4,5,6,2,6,7,7,12,0,9,4,9
I,1,6,2,4,1,7,7,0,7,13,6,9,0,8,1,8
D,4,7,4,5,2,5,7,10,8,7,6,5,3,8,4,8
C,6,11,8,9,6,7,7,8,6,6,6,13,6,8,5,7
D,5,10,8,7,7,9,7,3,6,11,5,6,3,8,3,8
L,3,6,4,4,2,7,3,2,9,7,1,9,0,7,2,8
G,2,4,3,3,2,6,7,5,5,9,7,10,2,9,4,10
Y,3,6,5,8,1,7,10,1,3,7,12,8,1,11,0,8
D,4,9,5,6,8,8,10,5,4,8,6,5,6,10,9,6
K,4,7,5,5,5,6,8,5,3,7,5,8,4,6,7,10
D,2,1,3,2,2,7,7,6,6,7,6,5,2,8,3,7
G,3,5,4,4,2,6,7,6,6,10,7,11,2,9,4,9
O,3,7,4,5,3,7,7,8,5,7,7,8,3,8,3,8
H,3,7,5,5,6,9,8,4,3,6,7,8,7,8,7,7
Y,3,8,5,6,2,5,10,3,2,8,12,8,1,11,0,8
D,3,7,4,5,3,9,7,5,7,10,4,5,3,8,3,8
H,7,9,10,7,8,10,6,3,6,10,3,8,5,7,5,9
H,5,5,6,6,3,7,5,15,1,7,8,8,3,8,0,8
I,1,5,1,3,1,7,7,1,8,7,6,8,0,8,3,8
H,4,5,6,4,4,7,7,3,6,10,6,8,3,8,3,8
D,2,6,4,4,3,9,6,4,6,10,4,6,3,8,3,8
H,5,11,5,8,3,7,6,15,1,7,8,8,3,8,0,8
O,4,10,5,8,3,8,7,9,7,7,6,8,3,8,4,8
Y,2,5,4,4,2,6,10,1,7,7,11,9,1,11,2,9
B,4,6,5,4,4,8,7,5,6,9,6,6,2,8,6,9
Y,3,4,5,5,1,7,10,2,2,8,12,8,1,11,0,8
O,5,10,4,5,3,6,7,6,3,9,7,9,5,10,5,8
O,5,8,6,6,4,7,6,8,5,7,5,7,3,9,3,8
G,3,4,4,3,2,6,6,6,6,6,6,11,2,9,4,9
Y,6,9,6,6,3,3,10,3,7,11,11,6,1,11,3,5
K,4,8,6,6,5,8,5,1,6,9,4,10,4,8,4,10
K,2,1,3,2,2,6,7,4,7,7,6,11,3,8,4,9
K,4,9,5,7,2,3,7,8,2,7,6,12,3,8,3,11
O,3,9,4,6,3,7,7,9,5,7,6,8,3,8,3,7
Y,1,0,2,0,0,7,10,3,1,7,12,8,1,11,0,8
G,6,10,8,8,6,6,6,6,6,5,6,11,2,9,4,8
H,5,9,7,7,6,5,8,3,6,10,9,9,3,8,3,5
L,4,8,6,6,3,7,4,1,8,8,2,10,0,6,3,8
Y,1,0,2,0,0,8,10,3,1,6,12,8,1,11,0,8
K,4,8,6,6,4,4,7,6,7,6,6,13,4,7,6,10
I,0,1,1,2,1,7,7,1,6,7,6,8,0,8,2,8
Y,4,5,5,4,2,4,11,2,7,11,10,5,1,11,3,4
D,4,8,6,6,5,7,7,7,6,6,6,4,3,8,3,7
D,5,8,5,6,5,6,7,9,8,6,5,6,2,8,3,7
Y,2,4,3,3,1,4,12,3,6,12,10,5,1,10,1,5
G,1,0,1,0,0,7,6,6,5,6,5,9,1,7,4,10
O,4,6,4,4,3,9,6,7,5,10,4,10,3,8,4,7
D,4,9,5,6,4,8,7,6,6,10,5,5,3,8,3,8
H,3,5,4,3,3,8,7,6,6,7,6,6,3,8,3,6
I,2,6,2,4,1,9,5,0,6,13,5,9,0,8,1,8
G,3,5,4,4,3,6,7,5,5,9,7,10,2,8,4,10
Y,4,7,6,10,10,7,5,4,3,8,8,9,9,10,8,8
I,1,8,0,6,1,7,7,5,3,7,6,8,0,8,0,8
H,7,13,8,7,6,8,8,3,5,10,4,8,6,6,5,8
Y,3,7,5,5,2,7,11,1,8,6,12,8,1,11,2,8
O,4,9,5,7,2,7,7,9,7,7,6,8,3,8,4,8
L,2,5,4,3,2,7,4,1,8,8,2,10,0,7,3,8
C,5,10,6,8,4,4,8,7,9,8,9,13,1,8,4,9
I,1,10,0,7,0,7,7,4,4,7,6,8,0,8,0,8
I,2,2,1,4,1,7,7,1,8,7,6,8,0,8,3,8
G,3,6,4,4,3,5,7,6,5,9,7,11,2,8,4,10
Y,7,9,7,7,4,3,10,2,7,11,11,6,1,11,2,5
Y,2,4,4,6,1,7,10,1,3,7,12,8,1,11,0,8
C,2,3,2,1,1,4,10,5,6,12,9,9,1,9,2,7
K,5,9,6,7,4,4,7,7,3,7,7,12,3,8,3,11
Y,8,11,6,15,5,4,11,2,4,11,10,6,4,10,6,6
Y,6,9,6,4,3,7,7,4,4,9,8,6,4,10,4,4
O,5,11,7,8,3,8,8,8,8,6,7,9,3,8,4,8
H,5,8,8,6,5,7,7,3,6,10,6,8,3,8,3,7
G,4,7,5,5,5,8,7,6,2,7,6,11,4,8,7,9
I,0,0,0,0,0,7,7,4,4,7,6,8,0,8,0,8
K,4,9,4,6,2,3,8,7,2,7,5,11,3,8,3,10
Y,2,3,3,1,1,4,12,3,5,12,10,5,1,11,1,5
K,2,1,2,2,0,4,7,8,1,7,6,11,3,8,2,11
Y,1,0,2,1,0,7,10,2,2,7,12,8,1,11,0,8
L,5,11,6,8,5,4,4,4,8,2,1,6,1,6,1,5
B,2,0,2,1,1,7,7,7,5,7,6,7,1,8,7,8
L,5,11,5,6,3,7,4,3,5,11,7,12,3,7,6,8
Y,3,8,5,6,1,9,12,2,3,4,12,9,0,10,0,8
K,5,9,5,4,2,7,7,3,6,9,8,9,6,11,3,7
O,5,10,6,8,5,7,8,8,5,10,8,8,3,8,3,8
D,2,5,4,4,3,9,6,4,6,10,4,6,2,8,3,8
Y,3,4,4,2,2,4,11,2,7,11,10,5,1,11,2,5
I,1,6,1,4,1,7,7,0,7,7,6,9,0,8,3,8
O,3,3,4,2,2,8,7,7,5,7,6,7,2,8,3,7
Y,2,1,3,1,0,7,10,3,1,7,13,8,1,11,0,8
H,9,15,8,8,5,11,7,4,5,9,3,4,6,8,4,8
K,5,8,7,6,5,4,7,2,6,10,10,11,3,8,3,6
K,5,8,7,7,7,7,7,2,4,8,4,8,6,4,9,11
H,3,6,5,4,6,9,7,4,4,6,6,8,7,8,6,7
Y,2,2,4,4,2,6,10,1,7,7,11,9,1,11,1,8
K,4,6,6,5,5,8,7,2,3,8,3,8,4,5,6,10
D,6,11,6,6,4,6,8,4,7,10,6,7,5,8,6,5
Y,4,7,4,5,2,3,10,3,6,11,12,7,2,11,2,6
Y,3,8,5,5,1,8,10,2,3,7,12,8,1,11,0,8
I,2,11,2,9,2,7,7,0,8,7,6,8,0,8,3,8
O,4,8,4,6,3,7,7,8,5,9,7,10,3,8,3,7
X,4,6,5,4,3,7,8,1,8,10,7,8,3,8,3,7
Y,3,9,4,7,2,6,11,0,4,8,11,8,0,10,0,8
Y,6,6,5,9,3,7,11,1,3,9,10,5,4,10,6,8
K,5,8,7,6,6,7,7,1,6,10,5,9,3,7,4,8
I,1,8,0,6,0,7,7,4,4,7,6,8,0,8,0,8
O,5,9,6,7,5,7,8,8,4,6,7,9,3,7,4,7
Y,7,9,8,6,4,4,9,1,7,10,11,6,2,11,4,3
O,4,7,6,5,4,8,9,8,4,7,7,7,3,8,3,8
G,3,7,4,5,2,7,6,8,7,6,6,8,2,8,6,11
H,9,15,8,8,5,6,8,4,6,9,8,9,6,8,6,10
G,7,14,6,8,5,7,6,3,3,8,6,9,4,9,9,7
Y,5,4,6,6,6,9,10,5,3,6,7,7,5,11,7,4
L,6,13,5,8,3,8,3,3,5,12,4,12,2,7,6,8
G,3,4,4,3,2,7,6,6,6,6,6,10,2,9,4,9
D,8,15,7,8,6,10,5,4,7,10,4,7,6,7,9,8
Y,6,10,8,8,8,8,5,6,5,8,7,8,6,9,7,3
O,2,1,3,2,2,7,7,7,4,7,6,8,2,8,2,8
K,4,9,6,6,5,5,7,1,6,9,7,10,3,8,3,8
D,4,7,6,5,5,7,7,5,6,7,6,8,6,8,3,7
I,1,4,0,5,0,7,7,4,4,7,6,8,0,8,0,8
D,3,6,5,4,3,7,7,8,7,7,6,5,3,8,3,7
D,4,8,6,6,4,8,7,6,7,10,5,5,3,8,3,8
I,1,7,0,5,0,7,7,4,4,7,6,8,0,8,0,8
D,3,7,5,5,6,9,8,4,4,7,6,5,4,9,7,5
G,2,1,2,1,1,8,6,6,6,6,5,9,1,7,5,10
G,3,10,4,7,2,7,6,8,8,6,6,11,2,8,5,11
L,2,1,3,2,1,4,4,4,8,2,1,6,0,7,1,6
D,3,7,5,5,4,8,8,5,5,9,6,4,3,8,3,7
K,7,11,7,6,4,7,7,3,6,10,6,9,6,10,3,8
D,4,11,6,8,7,8,7,5,6,7,7,4,3,8,3,6
I,3,10,5,7,2,7,7,0,9,14,6,8,0,8,1,8
D,3,6,3,4,2,6,8,9,8,8,7,6,3,8,3,8
I,1,5,2,4,1,7,9,0,7,13,6,6,0,8,1,7
H,3,6,4,4,5,9,8,4,3,6,6,7,6,9,6,6
Y,8,8,7,12,5,5,5,7,4,6,12,6,5,10,4,8
Y,2,1,2,1,0,7,10,3,1,7,12,8,1,11,0,8
D,5,11,8,9,12,9,9,5,5,7,6,6,5,8,9,6
Y,1,0,1,0,0,8,10,1,3,6,11,8,1,11,0,8
Y,9,15,8,8,5,8,6,4,5,9,8,5,4,10,4,4
H,5,9,8,7,7,5,9,3,6,10,9,9,3,9,4,6
D,3,4,5,3,3,9,6,4,6,10,4,6,2,8,3,8
I,3,11,3,8,4,8,7,0,7,7,6,8,0,8,3,8
X,3,5,5,4,3,7,7,3,10,6,6,8,3,8,6,8
I,0,0,0,0,0,7,7,4,4,7,6,8,0,8,0,8
H,4,4,6,3,3,7,7,3,6,10,7,8,5,9,4,8
H,6,11,9,9,8,10,6,3,6,10,3,7,6,8,5,10
I,1,1,1,1,1,7,7,2,7,7,6,8,0,8,2,8
D,5,5,6,7,3,5,7,10,10,6,6,6,3,8,4,8
L,4,9,6,7,7,7,7,3,5,6,7,11,6,11,6,5
Y,4,7,6,5,3,5,9,1,7,8,12,9,1,11,2,7
I,0,3,1,2,1,7,7,1,6,7,6,8,0,8,2,8
D,6,9,8,6,5,10,6,4,7,10,4,6,5,9,5,8
L,4,9,5,6,4,5,5,1,8,7,2,10,1,7,3,7
K,4,5,4,8,2,3,7,8,2,7,5,11,4,8,2,11
Y,3,5,5,7,5,9,10,5,4,7,7,7,5,11,6,5
H,5,9,7,7,6,6,6,6,4,6,5,8,6,7,6,10
O,1,0,2,1,0,8,7,7,4,7,6,8,2,8,3,8
Y,6,9,6,4,3,6,6,4,4,9,9,6,4,10,3,5
I,1,10,0,7,0,7,7,4,4,7,6,8,0,8,0,8
D,4,9,5,7,3,5,7,10,8,7,6,5,3,8,4,8
H,7,10,9,8,6,10,5,3,6,10,2,7,5,7,5,9
L,2,7,3,5,2,5,5,3,8,3,2,7,0,6,2,6
H,3,3,5,2,2,8,6,3,6,10,5,8,3,8,3,8
Y,10,9,8,13,5,7,9,2,2,7,10,4,4,10,7,7
B,3,2,4,4,3,7,7,5,5,6,6,5,2,8,6,10
I,3,8,5,6,5,10,7,2,6,9,4,5,3,8,5,7
K,11,14,10,8,4,6,8,3,8,9,7,8,5,8,4,7
G,5,11,7,8,5,6,6,7,7,6,5,10,2,9,4,8
L,2,2,3,3,1,4,3,5,6,2,2,5,1,7,0,6
H,4,8,5,6,4,7,8,8,4,7,5,6,3,6,7,9
O,5,7,7,6,5,7,6,5,6,9,5,9,4,7,5,6
O,6,9,6,7,5,8,6,8,4,9,5,8,4,7,4,9
O,5,9,6,7,4,8,7,8,5,7,6,8,3,8,3,8
Y,1,3,3,1,1,7,11,1,6,7,11,8,1,11,1,8
G,5,9,6,7,5,5,6,6,7,6,5,11,2,10,4,8
H,6,11,8,8,8,6,8,8,4,7,5,7,3,7,7,10
Y,9,14,8,8,4,6,8,4,4,10,9,5,5,10,5,4
D,5,8,8,6,6,10,7,4,6,10,3,5,3,8,3,8
K,4,3,4,5,1,4,7,8,1,7,6,11,3,8,3,11
K,8,13,7,7,4,10,7,3,7,9,3,6,6,8,4,8
H,5,9,7,7,6,6,8,3,6,10,8,8,3,9,3,7
H,4,5,6,7,5,9,10,3,2,8,7,7,3,10,8,6
D,5,10,6,7,3,6,7,10,10,6,5,6,3,8,4,8
Y,2,7,4,5,1,8,11,0,3,6,11,8,0,10,0,8
G,7,8,9,7,10,7,6,5,4,7,7,9,8,10,9,7
I,1,8,0,5,0,7,7,4,4,7,6,8,0,8,0,8
O,3,6,4,4,3,8,8,7,4,7,7,8,3,8,2,8
Y,3,10,5,8,2,8,10,1,3,6,12,8,1,11,0,8
C,4,8,4,6,3,4,8,6,6,12,10,12,2,9,3,8
H,6,9,9,7,7,8,6,2,6,10,6,9,3,8,4,7
O,3,5,4,4,3,7,7,8,5,7,6,8,2,8,3,8
O,5,11,6,8,4,7,8,8,5,10,8,7,4,7,5,9
D,2,3,2,1,1,7,7,6,6,7,6,5,2,8,2,7
H,1,0,2,1,0,7,7,11,1,7,6,8,3,8,0,8
K,4,7,5,5,5,5,7,5,3,7,5,9,3,5,9,8
Y,8,11,7,6,4,8,6,4,6,9,6,5,3,10,6,5
Y,5,6,5,4,2,3,10,2,7,11,11,6,1,11,2,4
Y,7,13,6,7,4,8,7,4,6,9,6,5,3,9,5,5
I,2,6,3,4,1,7,7,0,8,14,6,8,0,8,1,8
Y,7,6,6,9,4,6,8,4,2,7,10,5,4,10,5,6
H,10,14,9,8,5,7,8,4,5,9,7,8,6,8,5,9
H,5,11,8,8,9,8,8,6,7,7,5,8,3,8,4,7
H,2,4,3,3,2,7,7,6,5,7,6,9,3,8,3,8
H,8,10,11,7,7,6,7,3,7,10,8,9,3,8,3,7
D,3,6,4,4,3,8,7,5,7,10,5,6,3,8,3,9
I,1,6,3,4,3,10,6,1,4,8,5,5,3,8,5,6
I,2,5,1,3,1,7,7,1,7,7,6,8,0,8,3,8
I,0,0,0,0,0,7,7,4,4,7,6,8,0,8,0,8
H,4,8,5,6,5,7,6,13,2,7,7,8,3,8,0,8
Y,3,7,5,4,1,7,10,3,2,7,13,8,2,11,0,8
Y,5,10,8,8,4,7,10,2,7,6,12,9,2,11,2,8
O,5,9,5,7,5,7,7,8,4,9,6,8,3,8,3,8
I,1,5,1,4,1,8,7,1,7,7,6,7,0,8,3,7
Y,2,2,4,3,2,8,10,1,7,5,11,8,1,11,2,8
H,4,7,6,5,4,7,7,3,6,10,5,9,3,8,3,9
Y,4,5,5,3,2,4,10,2,8,10,10,5,3,11,4,3
H,5,7,7,5,4,5,8,4,6,10,9,9,3,8,3,7
Y,3,4,4,2,2,4,11,2,7,11,10,5,1,10,2,4
I,0,3,0,4,0,7,7,4,4,7,6,8,0,8,0,8
D,2,3,4,1,2,10,6,3,6,10,3,6,2,8,2,9
Y,1,1,2,1,0,7,10,2,2,7,12,8,1,11,0,8
Y,6,11,6,8,3,2,11,4,5,12,12,7,2,11,2,6
I,1,8,0,6,1,7,7,5,3,7,6,8,0,8,0,8
Y,3,8,5,5,1,7,10,3,2,7,13,8,2,11,0,8
C,4,7,5,5,3,7,9,8,6,5,6,12,4,8,3,8
K,6,11,8,8,5,4,7,2,7,10,9,11,4,7,4,6
H,5,9,8,7,5,9,8,3,6,10,4,7,3,8,3,9
C,7,11,7,8,4,5,8,6,8,12,8,13,3,10,4,6
I,1,1,0,2,0,7,7,1,7,7,6,8,0,8,2,8
H,5,8,8,6,6,7,6,3,6,10,7,8,3,8,3,7
D,4,10,5,7,3,5,7,10,9,6,6,5,3,8,4,8
D,4,7,5,5,3,6,7,10,10,6,5,6,3,8,4,8
H,4,8,6,10,7,9,10,3,1,8,7,6,3,10,8,7
G,4,9,5,6,2,7,6,8,8,6,5,10,2,8,5,11
O,5,6,6,9,3,8,7,9,8,7,6,9,3,8,4,8
D,6,7,8,6,6,6,7,5,6,4,3,6,3,8,5,6
L,4,10,6,8,3,7,4,0,9,9,2,10,0,7,3,8
I,6,10,5,6,3,7,10,3,4,12,5,4,2,9,6,9
I,5,11,6,8,4,9,6,0,8,13,5,9,0,8,1,9
Y,3,4,5,5,1,6,10,3,2,9,13,8,1,11,0,8
L,4,8,6,7,6,7,6,5,5,7,7,7,3,9,8,11
Y,4,10,7,8,4,4,9,1,8,10,12,10,1,11,2,7
T,3,6,5,8,2,5,15,1,6,9,11,7,0,8,0,8
O,5,10,7,8,3,9,6,9,8,7,5,10,3,8,4,8
C,2,2,3,3,2,6,8,7,8,8,7,13,1,9,4,10
L,2,3,3,2,1,4,4,4,7,2,2,6,0,7,1,6
I,2,6,3,4,1,7,7,0,7,13,6,8,0,8,1,8
G,3,4,4,3,2,7,6,5,5,9,7,10,2,9,4,9
D,3,6,5,4,3,9,7,4,5,10,4,5,3,8,2,8
Y,2,3,3,2,1,6,10,1,6,8,11,8,1,11,2,8
D,2,4,4,3,2,9,6,3,6,10,4,6,3,7,3,8
Y,3,5,5,4,2,6,10,1,8,8,12,8,1,11,2,7
D,6,10,6,6,5,9,6,3,6,10,4,7,5,7,8,7
K,5,11,5,8,5,3,7,7,3,7,6,11,3,8,3,11
I,1,1,1,3,0,7,7,1,8,7,6,8,0,8,3,8
I,7,14,5,8,2,9,7,6,4,13,3,7,3,7,6,11
Y,8,10,8,8,4,3,10,3,7,12,12,7,1,11,2,5
Y,6,6,8,9,8,10,12,6,4,6,7,6,5,10,7,4
Y,7,7,6,10,4,7,9,2,2,7,10,5,4,10,6,6
G,3,2,5,3,3,7,7,6,6,6,7,9,2,8,4,8
Y,5,8,7,12,12,9,7,4,1,6,8,9,6,12,8,9
D,4,7,5,5,5,7,8,6,6,8,7,5,3,8,3,7
O,3,9,5,6,4,8,8,8,4,7,8,8,3,8,3,8
Y,4,6,4,4,2,3,10,3,6,11,11,6,2,11,2,5
Y,6,11,9,8,8,8,4,6,5,8,7,8,6,8,8,3
G,4,9,5,6,3,6,7,7,6,10,7,11,2,9,4,9
H,4,5,4,8,3,7,8,15,1,7,5,8,3,8,0,8
H,6,9,9,7,7,7,7,3,6,10,7,8,3,8,3,8
I,2,5,4,4,1,7,7,0,7,13,6,8,0,8,1,8
I,7,15,5,8,3,10,5,6,4,13,3,7,3,8,5,10
O,5,9,7,6,4,7,7,9,4,7,6,8,3,8,3,7
D,5,6,7,5,5,6,7,5,7,7,4,7,3,7,5,6
I,1,7,2,5,2,7,7,0,7,7,6,8,0,8,2,8
Y,3,3,4,2,1,5,10,2,7,11,10,4,1,11,2,5
H,2,1,3,2,2,7,7,6,6,7,6,9,3,9,3,8
Y,6,8,9,12,12,7,9,3,3,7,8,9,7,13,12,5
I,1,11,0,8,0,7,7,4,4,7,6,8,0,8,0,8
X,3,1,4,3,2,7,7,3,9,6,6,8,2,8,6,8
D,2,1,2,1,1,7,7,6,6,7,6,5,2,8,2,7
D,6,10,8,8,6,7,7,5,6,7,6,8,7,7,3,8
D,5,10,7,7,6,11,6,2,6,11,3,7,3,8,3,9
D,3,8,5,6,3,11,6,3,7,11,3,6,3,8,3,9
I,3,7,4,5,2,7,9,0,7,13,6,6,0,9,2,7
L,4,8,5,6,2,5,3,1,9,6,1,10,0,7,2,7
Y,2,3,4,4,0,7,10,2,2,8,12,8,1,11,0,8
D,2,1,2,2,1,6,7,8,7,6,6,6,2,8,3,8
K,3,7,5,5,3,6,7,5,7,6,6,10,3,8,5,9
O,3,6,5,4,3,8,8,8,4,7,6,7,3,8,3,8
I,4,10,5,7,3,7,7,0,7,13,6,8,0,8,1,8
H,4,8,4,5,2,7,5,15,1,7,8,8,3,8,0,8
I,3,8,4,6,2,7,8,0,8,14,6,7,0,8,1,7
O,4,9,6,7,7,8,8,5,1,7,7,9,8,9,4,9
C,5,8,6,6,6,5,6,3,5,8,6,12,6,9,4,9
C,6,9,4,4,2,7,9,6,6,11,7,8,2,9,5,9
I,2,2,1,3,1,7,7,1,8,7,6,8,0,8,3,8
K,2,1,3,2,2,5,7,4,7,7,6,11,3,8,4,10
K,2,1,2,1,0,5,7,8,1,7,6,11,3,8,2,11
G,1,3,2,1,1,6,7,5,4,9,7,10,2,8,4,9
I,1,2,1,3,1,7,7,1,7,7,6,8,0,8,3,8
K,6,12,6,6,4,7,7,3,6,10,3,8,5,5,3,8
H,6,8,9,6,7,6,9,3,6,10,8,8,3,8,4,6
L,4,10,5,8,4,7,4,2,8,7,2,8,1,6,3,8
I,1,11,0,8,0,7,7,4,4,7,6,8,0,8,0,8
I,4,11,5,8,2,9,5,0,8,14,5,10,0,8,1,9
K,4,4,6,3,3,8,6,1,7,10,4,9,4,7,4,9
O,4,5,5,4,4,7,6,5,5,9,5,10,4,6,5,6
D,4,7,6,5,4,8,7,4,7,11,5,7,3,7,4,8
D,1,0,2,1,1,6,7,8,6,7,6,6,2,8,3,8
C,7,10,7,7,4,3,8,5,7,11,10,13,1,9,3,7
K,4,9,6,7,8,7,9,3,5,5,6,8,8,9,8,7
H,4,11,6,8,7,7,7,5,6,7,6,9,6,8,3,8
I,2,9,5,7,5,10,6,2,4,9,5,5,3,8,5,7
K,5,10,7,8,7,7,7,3,7,6,6,7,7,8,6,10
I,2,8,3,6,1,7,7,0,8,14,6,9,0,8,1,8
H,3,3,4,2,2,7,7,6,6,7,6,8,3,8,3,8
Y,0,0,1,0,0,7,10,1,3,7,11,8,1,11,0,8
K,8,12,8,7,4,9,7,3,7,9,2,5,5,7,4,8
K,5,9,6,7,6,5,6,5,7,6,6,13,5,7,8,9
D,6,9,8,6,7,9,7,5,6,9,4,6,3,8,3,8
H,7,9,10,6,8,11,6,3,7,10,2,6,5,7,4,10
I,1,8,2,6,2,7,7,0,7,7,6,8,0,8,2,8
L,2,4,4,3,2,7,4,1,8,8,2,10,0,7,2,8
H,3,3,4,4,2,7,9,14,1,7,4,8,3,8,0,8
I,1,3,1,4,1,7,7,0,7,7,6,8,0,8,2,8
Y,2,4,3,3,1,4,11,2,7,11,10,5,1,11,2,5
G,2,4,4,3,2,7,7,6,6,6,6,10,2,9,4,9
H,5,6,7,4,5,5,9,3,6,10,9,9,3,9,3,6
D,5,11,5,6,4,6,8,5,6,9,6,7,5,10,6,5
C,7,10,9,8,6,7,7,8,7,6,7,8,5,6,5,9
Y,4,4,6,6,6,10,9,5,3,7,7,7,5,10,6,5
D,2,4,4,3,2,10,6,3,7,10,3,6,2,8,3,9
O,5,8,7,7,5,7,5,4,5,8,4,8,3,7,4,7
G,6,11,6,8,5,5,6,5,5,9,8,11,2,9,4,9
H,8,10,8,5,4,9,8,4,5,8,3,5,6,7,4,8
D,2,3,3,2,2,9,6,4,5,9,4,5,2,8,2,8
K,5,9,7,7,5,9,7,2,7,10,3,8,4,9,4,10
Y,6,9,8,7,7,9,7,6,5,5,9,7,3,8,9,5
I,2,5,3,4,1,7,7,0,8,13,6,8,0,8,1,8
L,3,7,4,5,3,7,4,1,7,8,2,10,0,7,2,8
D,3,2,4,3,3,7,7,6,6,6,6,5,5,8,3,7
K,3,7,4,5,3,5,7,5,7,6,5,10,3,8,4,9
O,4,3,5,4,2,7,8,8,8,7,7,7,3,8,4,8
O,4,7,5,5,2,7,8,8,8,7,7,7,3,8,4,8
Y,3,7,5,5,2,4,9,1,7,10,12,9,1,10,2,7
C,4,6,5,4,5,7,7,4,3,6,8,10,5,11,3,8
Y,3,5,5,8,6,7,10,3,3,7,8,9,4,10,9,5
K,5,6,7,5,6,7,7,2,4,7,3,9,6,4,8,10
O,2,5,3,3,2,7,7,8,4,7,6,8,2,8,3,8
K,5,11,5,8,2,4,7,9,2,7,4,11,4,8,2,11
L,5,11,7,8,5,6,5,0,9,9,3,11,0,7,3,8
H,5,6,7,4,4,7,7,3,7,10,7,9,3,8,3,7
Y,4,6,5,8,6,10,12,5,4,6,7,7,5,10,8,5
K,2,6,3,4,1,3,7,7,3,7,7,11,3,8,2,10
Y,3,6,4,4,2,8,10,2,6,5,12,8,2,11,2,8
I,4,11,5,8,3,8,6,0,7,13,6,9,1,7,3,8
I,2,9,2,7,2,7,7,0,9,7,6,8,0,8,3,8
H,8,10,12,8,7,7,8,3,7,10,5,7,3,8,3,8
Y,7,10,7,7,3,2,12,5,5,12,12,6,2,11,2,6
O,5,9,5,6,4,7,7,8,5,10,6,8,3,8,3,8
L,3,7,5,5,3,7,3,2,7,8,2,9,2,5,3,8
I,1,4,2,3,1,7,8,0,7,13,6,8,0,8,1,7
Y,9,15,8,8,4,7,8,4,4,10,7,5,4,9,5,3
H,7,11,9,8,10,8,8,6,7,7,6,6,6,8,4,7
Y,4,8,6,6,2,4,10,2,8,10,13,9,1,11,2,7
I,1,4,2,2,0,7,8,0,7,13,6,8,0,8,0,8
H,3,7,3,4,2,7,6,14,1,7,7,8,3,8,0,8
C,5,5,6,7,2,5,7,6,11,7,6,14,1,8,4,9
B,6,11,6,8,5,6,6,9,7,6,6,7,2,8,10,10
D,4,10,6,7,4,11,6,3,7,11,3,7,4,7,4,9
I,2,7,3,5,2,7,7,0,7,13,6,8,0,8,1,8
H,3,3,4,4,2,7,10,14,2,7,3,8,3,8,0,8
C,4,8,6,6,4,8,8,8,6,7,6,8,4,7,4,8
H,3,4,4,3,3,7,7,6,6,7,6,8,3,8,3,8
O,4,8,5,6,4,7,7,8,4,7,6,8,3,8,3,8
I,1,4,2,3,1,7,8,0,7,13,6,8,0,8,1,7
G,4,8,5,6,2,7,7,7,8,6,6,8,2,7,6,11
K,4,5,5,4,3,5,7,4,8,7,6,10,6,8,5,9
C,5,10,6,7,4,7,7,8,7,6,6,9,4,8,4,8
I,2,7,2,5,1,7,7,0,7,13,6,8,0,8,1,8
Y,2,6,3,4,0,9,10,2,2,6,12,8,1,11,0,8
I,1,3,0,2,0,7,7,1,7,7,6,8,0,8,2,8
K,3,4,4,3,2,5,7,4,7,7,6,11,3,8,5,9
O,3,6,4,4,2,7,7,7,4,9,6,8,3,8,3,8
H,3,7,4,4,2,7,8,14,1,7,5,8,3,8,0,8
I,1,10,0,7,0,7,7,4,4,7,6,8,0,8,0,8
K,5,8,7,6,4,5,8,2,7,10,9,10,3,8,3,7
H,3,7,3,5,2,7,7,14,1,7,7,8,3,8,0,8
Y,7,10,7,8,4,2,10,2,6,10,12,7,2,11,2,6
Y,3,8,4,6,2,8,10,1,3,7,12,8,1,11,0,8
O,3,4,4,6,2,7,7,9,7,7,6,8,3,8,4,8
G,4,7,5,5,4,6,7,6,4,5,7,9,2,7,4,9
D,4,8,5,6,5,8,8,6,5,9,5,5,3,8,3,7
X,2,1,3,1,1,7,7,4,9,6,6,9,2,8,5,7
Y,4,8,5,6,2,6,10,2,2,7,12,8,2,11,0,8
H,7,13,7,8,6,7,7,3,4,10,5,8,6,9,5,8
I,4,8,5,6,3,8,9,1,7,7,6,7,0,7,4,7
I,1,4,0,6,0,7,7,4,4,7,6,8,0,8,0,8
I,1,5,0,7,0,7,7,4,4,7,6,8,0,8,0,8
O,5,10,6,8,5,8,8,8,4,7,7,6,5,7,4,9
H,3,6,5,4,4,6,7,5,5,7,5,8,3,7,6,12
D,5,9,7,7,6,10,7,5,6,9,3,6,3,8,3,8
Y,8,10,7,5,4,8,6,4,6,9,6,5,4,10,4,6
I,4,8,5,6,3,7,6,2,7,7,7,8,3,8,4,8
Y,3,7,4,5,1,7,10,2,2,7,13,8,1,11,0,8
O,4,4,6,7,3,8,6,9,8,7,5,9,3,8,4,8
G,5,8,6,6,4,6,6,6,5,6,6,10,2,9,4,8
Y,3,2,5,3,2,7,10,1,7,7,11,8,1,11,2,8
O,5,9,5,7,5,7,7,7,4,9,7,8,3,8,3,8
Y,6,11,10,8,5,6,10,2,8,6,12,9,5,10,4,7
D,5,7,6,6,6,6,7,5,6,6,4,7,4,7,6,5
K,4,11,4,8,2,4,8,8,2,6,3,11,4,8,2,11
K,6,10,9,7,5,4,8,2,7,10,10,11,3,8,4,6
X,5,11,7,8,5,4,8,1,8,9,10,10,2,9,3,5
H,4,3,4,4,2,7,6,14,1,7,8,8,3,8,0,8
I,2,9,3,7,4,7,7,0,7,7,6,8,0,8,3,8
K,5,10,5,8,4,4,7,7,3,7,6,12,3,8,3,11
Y,3,7,5,5,2,8,10,2,6,4,11,9,2,12,2,7
K,4,5,6,4,3,4,8,2,7,10,10,11,3,8,3,6
K,4,5,6,4,3,6,8,2,7,10,6,9,4,9,3,7
Y,4,4,5,6,5,9,9,5,3,7,7,7,5,10,6,4
O,4,8,6,7,5,7,6,5,5,9,5,8,3,6,5,6
H,4,6,6,8,6,9,5,3,2,7,5,7,4,8,6,9
L,3,7,5,5,4,7,6,7,5,6,6,8,3,8,4,10
K,5,11,7,8,9,7,6,3,5,6,6,8,7,7,7,7
I,0,1,0,1,0,7,7,4,4,7,6,8,0,8,0,8
O,4,10,5,8,3,7,6,9,8,6,4,7,3,8,4,8
B,1,0,1,0,0,7,7,6,4,7,6,7,1,8,5,9
H,4,9,4,7,4,7,7,13,1,7,6,8,3,8,0,8
H,4,7,6,10,7,8,9,5,1,8,6,6,5,11,10,6
O,2,0,2,1,1,7,7,6,6,7,6,8,2,8,3,8
I,0,7,0,5,0,7,7,4,4,7,6,8,0,8,0,8
H,3,4,4,5,2,7,9,15,2,7,3,8,3,8,0,8
Y,5,6,6,9,6,10,12,5,4,6,7,7,6,11,8,6
O,4,7,5,5,2,8,6,8,8,7,5,8,3,8,4,8
D,4,8,6,6,4,7,9,7,7,11,6,4,4,8,5,9
O,4,9,5,7,3,6,9,7,5,10,8,7,3,8,3,8
G,3,4,4,3,2,6,7,5,5,9,7,10,2,8,4,9
Y,3,3,4,2,1,4,10,2,7,10,10,5,2,12,3,4
Y,5,7,5,5,2,2,12,4,5,13,11,6,1,11,1,6
O,1,0,1,0,0,8,7,6,4,7,6,8,2,8,2,8
Z,3,7,5,5,3,8,7,2,9,11,5,8,1,7,6,8
H,2,4,4,3,3,7,7,3,5,10,6,8,3,8,2,7
O,5,10,7,8,3,8,7,8,8,7,6,9,3,8,4,8
O,5,8,6,6,4,7,9,8,5,6,7,9,3,8,3,7
I,2,9,5,7,5,10,7,2,5,9,4,5,3,8,6,5
D,2,5,3,3,3,7,7,6,6,7,6,5,2,8,2,7
Y,4,11,7,8,4,7,10,1,7,6,12,9,1,11,2,8
I,2,7,5,5,4,11,6,1,5,8,4,5,3,8,5,9
D,1,1,2,2,1,6,7,8,6,6,6,6,2,8,3,8
D,3,1,4,2,2,7,7,6,7,6,5,5,2,8,3,7
K,2,7,4,5,3,5,6,3,6,6,6,10,3,8,5,9
O,8,9,5,5,3,7,9,6,5,9,5,6,4,9,5,8
Y,2,4,3,2,1,4,11,2,7,11,10,5,1,11,2,5
D,7,10,9,8,6,11,5,3,8,11,3,6,4,6,4,9
H,5,7,7,5,5,6,7,6,7,7,6,8,6,8,3,8
D,3,6,5,4,3,10,6,4,7,11,3,6,3,8,3,9
I,2,6,3,4,2,7,8,0,7,13,6,8,0,8,1,8
Y,6,9,5,5,2,5,9,3,3,10,9,5,3,10,3,4
Y,5,10,7,8,6,8,6,7,5,5,8,8,3,8,10,6
I,1,10,0,7,0,7,7,4,4,7,6,8,0,8,0,8
H,3,7,4,5,4,6,6,7,6,6,7,9,3,9,3,8
Y,5,9,7,6,6,9,5,7,5,6,9,7,3,9,9,4
Y,1,1,2,2,1,7,11,1,6,7,11,8,1,11,1,8
I,3,9,5,7,6,10,8,2,5,9,5,4,3,9,6,5
Y,3,9,5,6,1,7,10,2,3,7,13,8,1,11,0,8
D,5,11,6,8,4,5,7,10,10,6,5,6,3,8,4,8
D,6,9,6,5,3,9,5,4,5,12,3,8,5,7,5,10
I,2,6,3,4,1,6,8,1,8,14,7,8,0,8,1,7
L,4,11,6,9,5,8,4,0,8,9,3,10,2,5,3,9
I,7,14,6,8,4,8,8,2,6,13,4,5,2,8,6,9
H,7,10,9,8,6,10,6,3,6,10,3,7,5,6,5,9
H,2,3,4,1,2,8,7,3,6,10,5,7,3,8,2,7
O,2,2,3,4,2,7,7,7,4,7,6,8,2,8,3,8
Y,5,7,5,5,3,6,8,1,7,8,9,5,2,12,4,4
O,5,10,6,7,5,7,7,8,4,9,6,8,3,8,3,8
K,5,10,8,8,9,6,6,4,4,6,5,9,8,7,8,8
K,6,9,9,7,9,6,8,5,4,7,5,8,4,6,10,9
H,4,9,5,6,2,7,6,15,1,7,7,8,3,8,0,8
D,3,8,5,6,4,8,8,4,5,9,5,4,3,8,3,7
D,8,14,8,8,4,11,4,3,6,10,2,7,5,7,4,12
K,4,7,4,5,2,4,6,8,2,7,7,11,3,8,3,11
O,5,11,6,9,6,7,7,8,3,10,6,8,3,8,3,8
L,4,8,5,6,2,4,5,2,9,5,1,9,1,7,3,6
J,2,5,4,3,2,9,5,4,5,14,6,11,1,6,0,7
C,2,4,3,3,1,4,8,4,6,11,9,12,1,9,2,8
Y,3,8,5,6,3,5,9,1,6,8,12,10,1,11,2,8
Y,8,10,6,15,5,4,9,3,1,9,10,5,4,10,7,5
H,4,6,6,4,4,7,7,3,6,10,7,8,3,9,3,7
O,2,4,3,3,2,7,7,6,4,9,6,8,2,8,2,8
H,5,7,8,9,7,8,5,3,2,7,5,7,4,8,8,8
Y,3,5,4,3,2,4,10,1,7,10,10,5,2,11,3,4
I,0,1,0,1,0,7,7,4,4,7,6,8,0,8,0,8
O,5,10,6,8,4,7,7,8,5,10,6,8,3,8,3,8
H,2,1,3,3,2,6,7,5,6,7,6,8,3,8,3,8
H,2,6,2,4,2,7,8,12,1,7,5,8,3,8,0,8
H,6,8,9,10,9,7,5,4,3,6,4,7,7,7,10,9
I,2,8,2,6,2,7,7,0,8,7,6,8,0,8,3,8
I,8,14,7,8,4,7,9,3,7,14,5,4,3,7,6,8
D,2,3,4,2,2,8,7,5,6,9,5,5,2,8,3,7
O,6,10,4,5,2,8,7,6,5,9,4,7,5,9,5,9
P,3,2,4,4,3,6,9,4,5,9,7,4,4,10,3,7
I,2,9,3,7,3,8,7,0,7,7,6,8,0,8,3,7
H,4,4,4,6,2,7,10,15,2,7,3,8,3,8,0,8
H,4,7,5,5,5,6,7,5,7,7,6,10,6,8,3,9
G,1,3,2,1,1,7,7,5,5,6,6,9,2,8,3,9
B,6,9,8,7,8,8,7,5,5,9,5,6,4,8,7,11
I,2,5,3,3,1,7,7,0,7,13,6,8,0,8,1,7
D,6,14,6,8,4,11,4,2,6,9,3,7,5,7,4,12
K,5,10,6,8,2,4,6,9,2,7,7,11,4,7,3,11
H,5,7,8,5,6,8,7,3,6,10,6,8,3,8,3,8
H,2,1,2,2,2,8,7,6,5,7,6,7,3,8,3,6
Y,4,7,4,5,2,4,10,2,9,11,10,5,0,10,3,4
I,7,10,9,8,5,9,5,3,7,6,7,4,0,9,4,7
I,3,6,4,4,2,7,7,0,7,13,6,8,0,8,1,7
I,4,6,6,7,5,8,8,5,6,7,6,8,3,8,8,7
H,3,2,4,3,3,8,7,5,6,7,6,8,6,8,4,7
K,8,11,11,8,6,8,6,2,8,11,4,8,4,8,5,10
H,4,11,5,9,5,7,7,13,1,7,6,8,3,8,0,8
D,3,8,5,6,4,8,7,7,6,6,5,3,3,8,3,6
I,2,7,2,5,1,7,7,0,7,13,6,8,0,8,1,8
K,4,9,5,7,4,3,7,7,3,7,6,11,3,8,3,11
K,5,6,7,4,5,6,7,1,6,10,7,10,3,8,3,8
O,5,8,6,7,5,6,6,5,5,8,5,7,3,6,5,7
D,5,11,6,8,6,6,7,9,7,6,5,5,2,8,3,7
B,6,9,9,8,10,7,7,5,4,7,6,8,7,9,8,6
Y,6,10,6,7,3,4,10,1,8,10,10,5,2,12,4,3
K,8,13,8,7,5,9,6,3,6,10,1,7,6,5,4,8
O,5,10,7,7,8,8,9,6,2,6,7,9,11,13,5,9
Y,1,3,2,2,1,6,10,1,5,7,11,9,1,11,1,8
L,2,2,3,4,2,5,4,5,7,2,2,5,1,6,1,6
G,7,14,5,8,4,8,6,4,3,9,5,9,4,9,8,8
L,1,3,2,1,1,6,4,1,7,8,3,10,0,7,2,8
I,1,9,0,6,0,7,7,4,4,7,6,8,0,8,0,8
H,4,7,4,4,2,7,10,14,2,7,3,8,3,8,0,8
O,4,10,6,7,3,8,7,9,8,7,6,8,3,8,4,8
Y,6,7,6,5,3,4,9,1,8,10,10,6,1,10,3,4
O,6,5,7,8,3,7,6,8,9,6,5,7,3,8,4,8
K,4,6,5,4,5,6,5,4,4,6,6,9,3,6,7,11
Y,4,6,6,8,7,9,9,6,3,7,7,8,6,11,7,4
O,3,5,4,3,2,8,6,6,4,9,5,8,2,8,3,8
K,3,6,4,4,3,5,7,4,8,6,6,11,3,8,6,9
Y,8,9,8,7,5,5,8,1,8,8,9,5,4,11,6,4
Y,3,8,5,6,3,10,10,1,6,3,11,8,1,11,2,9
G,2,3,3,2,1,7,7,5,5,10,7,10,2,9,4,10
L,2,6,2,4,0,0,2,5,6,0,0,7,0,8,0,8
G,5,11,7,8,5,7,6,7,8,7,4,12,2,9,6,8
H,4,5,7,4,4,8,6,3,6,10,5,8,5,7,4,8
K,3,5,4,4,3,5,7,4,7,6,6,11,3,8,5,9
H,9,11,12,8,8,7,7,3,6,10,7,9,3,8,4,8
G,3,9,5,6,2,7,6,8,7,6,6,8,2,7,6,11
H,4,4,5,5,2,7,7,15,0,7,6,8,3,8,0,8
Y,5,5,7,7,8,9,7,6,3,7,7,8,6,10,6,5
Y,6,9,5,4,3,6,8,4,5,10,7,5,3,9,4,4
G,3,5,5,5,4,7,10,5,2,7,7,8,6,11,7,8
O,7,9,9,8,6,5,7,6,8,9,7,8,4,5,6,5
I,1,4,0,5,0,7,7,4,4,7,6,8,0,8,0,8
K,4,7,4,5,2,4,7,8,1,7,6,11,3,8,2,11
D,1,0,1,1,0,5,7,7,5,6,6,6,2,8,2,8
Y,2,7,4,4,1,9,10,2,3,6,12,8,1,11,0,8
D,2,6,4,4,5,10,7,4,5,7,5,6,3,6,6,5
I,1,1,1,1,0,7,7,2,7,7,6,9,0,8,2,8
G,9,13,8,7,4,11,3,3,4,10,2,6,4,7,4,11
Y,3,4,5,5,1,8,12,2,3,6,12,8,1,10,0,8
G,5,7,7,6,7,6,10,5,3,7,7,7,9,13,8,7
G,6,10,6,7,5,5,7,6,5,9,7,12,2,9,5,8
K,2,4,3,2,2,5,7,4,6,7,6,11,3,8,4,9
H,4,5,4,7,3,7,8,15,1,7,5,8,3,8,0,8
I,7,14,5,8,3,9,6,6,5,13,3,7,3,8,5,11
D,5,9,7,7,5,7,6,8,5,6,5,4,5,8,5,9
D,3,4,4,3,3,7,7,6,7,7,6,5,2,8,3,7
G,1,0,2,1,1,8,6,6,5,6,5,9,1,8,5,10
D,6,12,6,6,5,9,6,3,6,10,4,7,5,8,8,7
H,6,10,6,8,5,7,6,14,2,7,8,8,3,8,0,8
H,8,10,8,5,5,8,8,3,5,10,3,7,6,5,4,7
H,6,10,8,8,7,10,6,2,6,10,3,7,4,8,4,10
I,5,7,6,8,6,8,10,4,5,6,7,9,3,6,8,6
H,3,7,4,5,2,7,9,14,2,7,3,8,3,8,0,8
I,1,7,0,4,0,7,7,4,4,7,6,8,0,8,0,8
L,1,4,3,3,1,6,4,1,7,8,2,10,0,7,2,8
O,1,1,2,1,1,8,7,7,5,7,6,8,2,8,3,8
D,6,10,6,5,4,7,7,4,7,10,5,6,5,9,7,5
G,4,10,5,7,4,5,6,6,5,9,8,11,2,9,4,10
H,3,7,4,4,2,7,6,14,1,7,7,8,3,8,0,8
H,6,9,9,6,5,8,7,3,6,10,5,8,3,8,3,7
I,0,6,0,4,0,7,7,5,3,7,6,8,0,8,0,8
I,1,10,0,7,0,7,7,4,4,7,6,8,0,8,0,8
K,4,5,7,4,4,6,7,1,7,10,6,9,3,8,3,7
L,5,9,5,5,3,7,5,3,5,12,7,11,3,8,6,9
K,5,8,6,6,6,5,6,4,6,6,6,10,3,8,5,10
H,4,8,6,6,6,7,7,6,6,7,6,9,3,8,3,8
E,3,7,5,5,3,10,6,2,7,11,4,9,2,8,5,12
Y,1,1,3,1,1,8,11,1,6,6,11,8,1,11,1,8
I,3,10,4,8,3,7,9,0,7,13,6,7,0,9,2,7
O,3,7,4,5,3,8,7,7,3,9,6,8,3,8,3,8
Y,3,7,4,5,2,7,10,1,7,6,12,8,1,11,2,8
Y,5,6,6,8,8,9,7,6,3,7,8,8,7,10,6,5
H,4,7,5,5,4,6,7,6,4,6,5,8,3,7,6,10
D,4,6,6,4,4,9,7,4,6,10,4,5,3,8,3,8
O,4,9,5,7,4,7,7,9,5,7,5,8,3,8,3,8
Y,7,11,8,8,6,5,8,1,7,8,9,5,5,12,6,3
L,5,11,7,8,5,10,4,1,8,10,2,10,0,6,3,10
D,7,11,6,6,5,8,8,4,7,10,5,6,6,6,7,6
O,5,11,6,8,3,7,7,9,8,7,6,8,3,8,4,8
Y,3,5,6,4,2,7,11,1,7,7,11,8,2,11,2,8
H,2,6,3,4,2,7,6,12,2,7,8,8,3,9,0,8
O,3,5,4,4,3,8,7,7,4,9,6,8,3,8,3,8
Y,4,6,4,4,2,4,10,2,7,11,11,6,1,10,2,4
H,5,9,6,7,6,6,8,7,5,7,5,7,3,7,7,10
Y,2,3,2,2,1,4,11,3,5,11,10,5,1,11,2,6
X,2,3,3,4,1,7,7,4,4,7,6,8,3,8,4,8
Y,2,1,2,1,0,7,10,2,2,7,12,8,1,11,0,8
D,5,11,7,9,6,9,7,5,7,10,5,5,3,8,3,8
I,0,6,0,4,0,7,7,4,4,7,6,8,0,8,0,8
K,4,8,6,6,7,7,7,3,4,6,6,8,7,7,7,7
I,0,8,0,5,0,7,7,4,4,7,6,8,0,8,0,8
Y,2,3,4,5,1,9,10,3,2,6,13,8,2,11,0,8
Y,4,6,6,8,8,9,6,6,3,7,8,8,6,10,6,4
K,5,9,5,5,3,3,9,4,5,10,10,11,4,9,3,6
H,2,1,2,2,2,7,7,6,5,7,6,8,3,8,3,8
O,4,9,4,7,3,8,7,8,5,10,5,9,3,8,4,7
X,3,4,4,5,1,7,7,4,4,7,6,8,3,8,4,8
Y,3,3,4,2,1,4,11,2,7,11,10,5,1,11,2,5
K,9,15,9,8,6,2,9,3,6,9,9,12,4,7,3,6
H,5,8,8,6,6,5,8,3,6,10,8,8,4,8,4,6
I,1,7,1,5,1,8,7,0,8,7,6,7,0,8,3,7
H,6,9,8,7,5,5,7,3,7,10,9,10,3,8,4,6
D,2,4,3,3,2,9,7,4,5,10,4,5,2,8,2,8
H,3,3,5,2,2,9,6,3,6,10,4,8,3,8,3,9
I,4,7,5,8,5,8,9,4,4,7,7,9,4,7,7,6
O,2,4,3,2,2,8,7,6,4,9,6,8,2,8,2,8
K,3,7,5,5,6,6,8,4,4,6,5,9,5,7,7,7
G,5,11,7,9,3,7,6,8,9,6,6,10,1,8,6,11
O,5,7,6,6,5,8,4,4,4,9,3,8,3,7,5,7
Y,2,3,4,4,1,8,10,2,2,6,13,8,2,11,0,8
H,3,3,4,4,2,7,7,14,1,7,6,8,3,8,0,8
D,4,6,4,4,2,5,8,9,8,8,7,5,3,8,4,8
K,6,10,8,8,8,6,7,4,7,6,6,10,3,8,6,10
G,6,10,8,8,5,6,6,7,8,6,5,10,2,9,4,8
Y,2,5,4,7,6,9,8,4,1,6,7,9,3,11,7,7
D,4,10,6,8,4,9,7,5,7,9,4,4,3,8,4,8
Y,3,5,5,4,2,7,10,1,7,7,11,8,1,11,2,8
Y,6,10,6,5,3,6,8,4,3,10,8,5,3,10,4,4
I,7,14,6,8,4,8,7,2,5,11,6,6,2,9,6,11
K,4,7,6,6,5,8,6,2,3,8,4,8,4,6,7,11
D,5,10,5,8,6,6,8,9,7,6,5,6,2,8,3,7
Y,3,9,5,6,1,7,12,1,3,7,12,8,1,10,0,8
D,4,8,4,6,4,6,7,9,7,6,5,6,2,8,3,8
I,7,13,5,8,3,10,4,5,4,13,3,9,3,8,4,9
H,4,8,6,6,6,7,7,5,6,7,6,8,3,8,3,7
B,4,6,6,4,7,8,7,5,2,6,7,8,5,10,9,8
X,5,11,8,8,4,10,7,2,9,11,1,6,3,8,4,9
I,1,5,2,3,1,7,7,0,7,13,6,8,0,8,1,8
I,2,5,4,4,2,7,7,0,8,13,6,8,0,8,1,8
K,1,0,1,0,0,4,6,5,1,7,6,10,2,7,1,10
O,4,6,5,4,5,8,5,5,2,7,5,8,8,8,3,9
I,3,10,4,8,2,6,8,0,8,13,7,8,0,8,1,7
G,4,9,4,6,3,6,7,6,5,10,8,10,2,9,4,9
H,3,4,5,6,5,8,11,4,2,8,7,6,4,11,8,4
D,5,9,7,8,7,6,7,6,7,7,6,9,5,5,7,4
D,5,11,7,8,7,9,8,5,5,10,5,4,4,8,5,9
H,5,6,8,4,4,6,7,3,6,10,8,10,3,8,3,7
D,4,8,6,6,4,9,6,3,7,11,4,6,3,9,4,9
H,2,1,2,1,1,7,7,12,1,7,6,8,3,8,0,8
I,0,0,0,0,0,7,7,4,4,7,6,8,0,8,0,8
I,2,7,4,5,3,10,5,1,5,7,5,5,2,8,4,7
H,3,3,3,5,2,7,9,14,3,7,3,8,3,8,0,8
B,2,3,3,2,2,8,7,2,5,10,5,6,2,8,4,9
K,4,7,4,5,3,3,8,7,2,7,6,11,3,8,2,11
I,1,4,2,3,0,7,8,0,7,13,6,8,0,8,0,8
Y,1,0,2,0,0,7,9,2,2,6,12,8,1,10,0,8
C,3,3,4,5,2,6,6,7,9,9,5,13,1,9,4,8
I,1,1,1,1,0,7,7,2,8,7,6,8,0,8,3,8
H,7,12,8,6,5,11,6,3,5,10,4,6,5,9,4,8
K,4,7,6,5,6,8,8,5,5,8,5,7,7,6,6,11
I,1,5,2,4,1,7,7,0,7,13,6,8,0,8,1,7
G,3,5,4,7,2,7,7,8,7,5,6,10,2,7,5,11
Y,5,8,7,12,11,8,8,4,2,7,8,9,4,11,8,8
K,5,7,7,5,4,8,7,2,7,10,3,8,4,9,4,9
L,6,14,6,8,4,8,4,3,4,12,8,11,4,9,6,10
H,7,9,6,4,3,11,7,4,5,8,3,5,5,9,4,8
Y,2,3,2,1,1,5,10,2,6,10,9,6,1,11,2,5
O,7,10,7,8,5,7,7,8,6,10,7,9,3,8,4,7
K,2,3,4,2,2,5,9,1,6,10,8,9,3,8,2,8
G,6,10,7,8,5,6,7,7,7,5,7,10,2,7,4,8
O,1,0,2,1,0,7,7,6,5,7,6,8,2,8,3,8
Y,7,11,9,8,8,9,5,6,4,7,8,8,3,9,8,3
I,0,6,0,4,0,7,7,4,4,7,6,8,0,8,0,8
T,6,10,5,8,2,4,13,3,7,12,10,4,0,10,1,5
K,6,9,8,6,5,5,9,2,7,10,8,10,3,8,3,7
G,2,1,2,2,1,7,7,6,5,6,6,9,2,9,4,9
I,5,10,4,6,2,9,7,3,6,13,4,5,2,9,4,10
I,2,8,3,6,1,7,7,0,8,14,6,8,0,8,1,7
X,5,10,6,8,4,7,7,4,4,7,6,7,3,8,4,8
K,7,9,10,8,10,9,7,3,4,9,2,8,8,4,8,12
D,5,11,6,8,3,5,7,11,9,7,7,5,3,8,4,8
Y,6,8,8,10,10,10,10,6,3,6,7,7,6,11,8,3
Y,9,10,7,14,5,9,11,2,3,7,10,5,4,10,6,9
Y,2,4,4,5,1,8,10,2,2,6,12,8,1,11,0,8
D,4,8,5,6,4,6,7,8,7,6,5,4,3,8,4,8
K,4,10,5,8,4,3,6,7,4,7,7,12,3,8,3,11
L,4,10,6,7,8,7,7,3,5,6,7,10,6,10,7,4
O,5,9,6,7,5,8,6,8,4,6,5,5,4,8,4,8
O,2,4,3,3,2,7,7,6,3,9,6,8,2,8,2,8
D,4,9,6,6,8,8,9,5,4,8,7,6,7,10,10,5
H,5,9,6,7,6,7,5,13,2,7,9,8,3,9,0,8
K,4,5,7,3,4,7,6,2,7,10,6,10,4,8,4,8
G,5,8,7,7,7,7,8,6,3,7,7,9,7,10,8,8
Y,6,8,6,6,3,5,9,0,8,10,9,6,0,10,3,4
C,2,0,2,1,1,6,7,6,10,7,6,14,0,8,4,9
Y,6,8,8,11,12,8,8,4,2,7,8,9,4,12,9,8
C,4,7,5,5,2,6,9,7,7,13,8,7,2,11,2,6
L,4,8,5,7,4,6,7,4,6,7,6,8,3,9,8,10
I,0,0,0,1,0,7,7,4,4,7,6,8,0,8,0,8
I,2,6,3,4,2,7,7,0,8,13,6,8,0,8,1,8
K,6,8,9,6,4,6,8,2,7,11,6,8,3,8,4,7
H,5,5,6,7,3,7,6,15,0,7,7,8,3,8,0,8
H,3,4,4,3,3,7,7,6,6,7,6,8,3,8,3,8
I,1,1,1,2,1,7,7,1,7,7,6,8,0,8,2,8
L,1,4,2,3,1,6,4,2,7,7,2,9,0,7,2,8
L,1,3,2,1,1,6,4,1,7,7,2,9,0,7,2,8
Y,5,8,5,6,3,5,9,1,7,9,9,5,1,11,3,5
G,3,3,4,5,2,8,7,8,7,6,6,10,2,7,5,11
C,4,8,5,6,6,6,7,4,4,6,7,10,6,10,4,8
G,3,8,5,6,2,7,5,7,8,6,5,10,1,8,6,11
O,5,8,6,6,5,6,8,7,4,9,8,8,3,8,3,8
G,3,3,4,2,2,7,7,5,6,6,6,9,2,9,4,8
I,4,5,6,6,5,7,9,4,5,7,7,8,3,7,8,8
D,4,8,5,6,8,9,7,5,5,7,6,6,4,7,7,6
G,3,7,4,5,3,7,7,7,6,6,5,9,1,8,5,11
Y,5,8,5,6,3,3,10,3,6,12,12,7,1,11,2,5
D,7,12,7,6,4,12,2,4,5,12,1,9,4,7,2,11
I,3,11,4,8,2,6,8,0,8,13,7,8,0,8,1,7
D,5,9,5,7,5,5,7,9,7,6,5,5,2,8,3,8
K,7,9,10,7,6,6,8,2,7,10,7,9,3,8,3,7
I,1,3,1,2,1,7,7,1,7,7,6,8,0,8,2,8
G,7,11,9,9,12,8,7,4,3,6,5,9,8,7,9,14
I,1,7,0,4,0,7,7,4,4,7,6,8,0,8,0,8
A,4,10,6,7,2,5,4,3,2,5,1,7,3,7,3,7
D,4,7,4,5,2,5,8,10,9,8,7,6,3,8,4,8
O,3,5,4,3,3,8,7,7,5,9,6,7,2,8,3,8
L,6,11,8,9,6,10,3,1,7,10,2,10,3,6,4,10
Y,2,1,2,1,0,7,9,2,2,6,12,8,1,10,0,8
G,2,4,3,3,2,6,7,5,4,9,7,10,2,9,4,10
I,4,7,6,5,3,8,8,2,8,7,6,7,0,8,4,7
K,5,9,5,5,2,4,8,4,6,9,11,11,5,9,3,6
Y,5,9,5,5,3,6,7,4,5,9,7,5,3,10,5,4
I,6,15,4,8,3,11,5,5,4,13,3,8,3,8,5,9
H,4,5,4,7,2,7,7,15,1,7,6,8,3,8,0,8
I,5,9,7,6,4,6,6,3,7,7,6,12,0,8,4,9
I,1,10,0,7,0,7,7,4,4,7,6,8,0,8,0,8
Y,2,3,2,2,1,3,11,3,5,11,10,5,1,11,1,6
I,5,10,7,8,4,8,4,2,6,7,7,7,1,10,4,7
O,3,4,4,3,2,7,7,7,4,9,7,9,2,8,3,8
K,2,6,3,4,2,3,7,6,2,7,6,10,3,8,2,11
O,2,1,2,2,1,8,7,7,4,7,6,8,2,8,3,8
K,5,11,7,8,7,5,6,3,7,6,6,9,4,8,6,9
O,4,9,5,7,4,7,6,8,4,7,5,9,3,8,3,8
I,2,2,2,4,2,7,7,1,8,7,6,8,0,8,3,8
Y,4,5,5,7,5,10,11,5,4,5,8,8,5,10,9,5
Y,2,5,4,4,2,7,10,1,6,7,11,8,1,11,2,8
K,4,10,6,7,6,5,7,5,7,6,6,12,3,8,6,9
O,3,6,4,4,3,7,9,7,4,7,8,7,3,8,2,8
H,3,8,5,6,6,8,7,4,3,6,6,7,7,8,7,6
O,4,8,6,6,4,8,5,8,4,7,5,8,3,8,3,8
H,7,11,8,6,5,6,9,3,5,10,6,8,6,7,5,7
Y,5,9,6,7,2,9,11,2,2,6,12,8,1,11,0,8
Y,3,7,5,4,1,7,10,2,2,6,13,8,1,11,0,8
G,4,7,5,5,3,7,6,7,7,11,6,11,2,10,4,9
I,1,3,1,2,0,7,7,1,8,7,6,8,0,8,3,8
K,3,4,5,3,2,5,7,2,7,10,9,11,3,8,3,7
I,1,4,2,3,1,7,7,0,7,13,6,8,0,8,1,8
Y,4,5,6,7,8,7,8,3,2,8,8,9,4,11,8,5
O,3,4,4,6,2,7,7,9,6,7,6,8,3,8,4,8
Y,2,5,4,4,2,6,10,1,7,8,11,9,1,11,2,7
O,4,7,5,5,6,9,7,6,1,7,7,9,7,9,3,9
D,3,8,4,6,2,5,7,10,8,7,7,5,3,8,4,8
Y,6,8,6,6,3,4,10,2,8,11,11,5,1,10,3,4
G,6,9,6,6,4,5,7,6,6,9,8,10,2,8,5,9
K,3,3,3,4,1,3,6,7,2,7,6,11,3,8,2,11
Y,8,11,8,8,4,3,11,2,9,12,11,5,0,10,2,4
K,3,6,4,4,3,6,7,5,7,7,6,10,3,8,5,9
I,4,11,5,8,3,9,6,0,8,14,5,8,0,8,1,8
Y,6,9,6,7,3,4,9,2,8,10,11,6,2,10,4,3
H,1,0,1,0,0,7,8,10,1,7,6,8,2,8,0,8
D,4,9,6,7,5,7,7,9,4,8,7,4,4,8,4,8
K,3,7,4,5,3,3,7,6,3,7,6,11,3,8,3,11
O,2,3,3,1,1,8,7,7,5,7,6,8,2,8,3,8
I,7,12,5,6,2,9,6,5,5,13,3,8,3,7,5,10
L,5,10,5,5,2,7,4,3,6,11,4,13,2,6,6,8
G,4,10,5,8,3,7,6,8,8,6,5,10,2,8,6,11
H,2,3,3,2,2,6,7,7,5,7,6,10,3,8,3,9
Y,2,4,4,3,2,6,10,1,7,8,11,8,1,11,2,8
L,3,7,3,5,1,0,1,6,6,0,0,6,0,8,0,8
D,6,12,5,7,4,7,6,4,6,9,5,6,5,9,7,6
Y,3,5,5,7,1,7,10,1,3,7,12,8,1,11,0,8
H,2,1,3,3,2,8,7,6,6,7,6,8,3,8,3,7
Y,4,11,6,8,1,7,11,2,3,8,12,8,1,11,0,8
H,3,4,4,2,3,8,7,6,6,7,6,8,6,8,4,7
L,3,7,4,5,2,4,4,3,8,2,1,7,0,7,1,6
H,5,9,8,7,5,6,8,3,6,10,8,9,3,8,3,7
I,3,9,4,7,3,7,7,0,7,13,6,8,0,8,1,8
D,5,10,5,8,3,5,7,10,9,7,6,5,3,8,4,8
H,6,7,9,5,6,10,6,3,6,10,3,7,3,7,3,9
K,4,5,5,4,4,5,7,4,7,6,6,11,3,8,5,9
O,9,13,6,7,4,5,8,6,4,10,8,9,5,10,5,8
Y,3,4,5,5,1,6,10,3,1,8,13,8,1,11,0,8
G,3,5,4,4,2,6,7,5,5,9,7,10,2,8,4,10
I,7,14,5,8,3,10,5,6,5,13,3,7,3,8,5,10
I,3,11,6,8,7,11,6,1,6,8,4,5,3,8,5,9
O,6,11,7,8,3,8,8,8,9,6,7,9,3,8,4,8
I,4,8,6,9,6,8,9,4,5,7,7,8,3,7,8,7
H,3,3,3,4,1,7,9,14,1,7,4,8,3,8,0,8
H,2,3,4,2,2,7,8,3,5,10,7,8,3,8,2,7
K,5,9,7,7,8,7,9,5,5,8,5,7,7,6,8,12
L,2,5,4,4,2,7,4,1,7,9,2,10,0,7,2,8
Y,7,6,5,9,4,7,11,2,3,8,10,5,3,9,5,7
L,4,9,5,7,3,3,3,6,8,1,0,6,0,6,1,6
Y,4,8,4,6,2,3,12,4,5,12,12,6,1,11,2,6
D,3,7,4,5,4,7,7,7,7,7,7,5,3,8,3,7
Y,2,5,4,4,2,6,10,1,6,8,11,8,1,11,2,7
Y,4,5,5,4,2,4,10,1,8,10,10,5,4,11,4,3
Y,7,8,7,6,4,5,8,1,7,8,9,5,2,11,3,4
I,5,10,6,8,3,9,6,2,7,7,6,5,0,8,4,7
X,2,4,4,2,2,7,7,1,8,10,6,8,2,8,3,7
C,6,11,8,8,6,7,6,9,6,8,6,11,4,9,4,8
I,2,7,3,5,2,7,7,0,7,13,6,8,0,8,1,8
O,2,4,2,2,1,7,7,6,4,9,6,8,2,8,2,7
Y,6,11,6,8,3,3,10,3,7,12,12,7,1,11,3,5
I,1,10,0,7,0,7,7,4,4,7,6,8,0,8,0,8
H,2,6,3,4,1,7,7,14,1,7,6,8,3,8,0,8
K,2,7,3,4,1,4,8,8,2,6,4,11,3,8,2,10
K,6,11,9,8,5,3,7,3,8,11,11,12,3,8,4,6
Y,3,4,5,6,1,7,10,1,3,7,12,8,1,11,0,8
I,2,8,4,6,4,10,6,1,4,8,5,5,3,8,5,7
O,6,9,8,8,7,7,5,4,5,9,4,8,3,7,5,6
K,2,1,2,1,0,5,7,8,1,7,6,11,3,8,2,11
H,4,8,6,6,7,8,7,4,3,6,6,7,7,8,7,6
I,6,12,4,7,3,11,3,4,5,12,2,8,3,8,4,10
L,2,5,3,4,2,6,5,1,8,7,2,10,0,7,3,8
D,3,7,3,5,2,5,6,10,7,5,4,5,3,8,3,8
D,6,11,7,8,4,6,7,11,11,6,5,6,3,8,4,8
H,1,1,2,1,1,7,7,12,1,7,6,8,3,8,0,8
D,4,5,4,8,3,5,7,11,8,7,7,5,3,8,4,8
L,4,10,5,8,3,3,5,1,9,6,1,11,0,7,3,6
L,4,9,4,4,3,8,5,3,5,11,5,10,3,5,6,8
O,2,3,2,2,1,7,7,6,3,8,6,8,2,8,2,7
O,7,13,5,7,4,6,6,6,3,10,7,9,5,9,5,8
I,1,4,0,5,0,7,7,4,4,7,6,8,0,8,0,8
I,2,9,3,6,2,6,8,0,7,14,7,8,0,8,1,7
H,7,8,10,10,9,6,4,5,3,6,3,6,6,5,11,7
G,3,2,4,4,3,6,6,6,6,6,6,10,2,9,4,9
I,2,9,2,6,3,7,7,0,7,7,6,8,0,8,2,8
I,3,9,4,6,3,7,7,0,7,13,6,8,0,8,1,8
H,6,10,8,7,5,9,6,3,6,10,4,8,4,7,4,8
D,2,5,4,3,3,9,6,4,6,10,4,6,2,8,3,8
K,4,7,6,5,4,3,8,2,6,10,9,11,3,8,2,6
Y,2,8,3,6,1,9,10,1,3,6,11,8,1,11,0,8
G,5,12,4,6,4,7,6,4,2,8,6,8,4,9,9,7
Y,3,7,5,4,1,8,11,2,2,5,12,8,1,11,0,8
C,2,3,3,2,1,6,8,7,7,9,7,12,1,10,3,9
K,5,7,7,6,6,6,7,3,4,6,4,9,6,5,9,8
D,2,5,4,3,3,9,6,4,6,10,4,6,2,8,3,8
G,5,10,7,7,8,7,4,5,3,8,6,11,7,7,10,6
H,3,4,3,5,2,7,7,14,1,7,6,8,3,8,0,8
Y,4,9,6,6,4,10,10,1,7,3,11,8,1,11,2,9
O,4,6,4,4,3,7,7,7,4,10,7,8,3,8,3,8
G,5,7,6,5,4,5,7,6,5,9,7,10,2,9,4,10
G,2,1,4,3,2,7,7,6,6,6,7,9,2,8,4,9
O,4,9,5,7,3,8,6,9,8,7,4,9,3,8,4,8
G,4,10,5,7,3,7,7,8,7,6,6,8,2,7,6,11
D,5,8,7,6,5,10,6,3,6,11,4,6,3,8,3,9
I,0,3,0,2,0,9,7,2,6,7,6,7,0,8,1,7
Y,2,1,3,1,0,7,10,3,1,7,13,8,1,11,0,8
Y,6,9,6,7,4,5,8,0,8,8,9,5,2,11,4,4
D,4,7,4,5,2,5,8,10,9,8,7,5,3,8,4,8
I,1,3,0,2,0,7,7,1,7,7,6,8,0,8,2,8
I,3,6,4,4,2,7,7,0,7,13,6,8,0,8,1,7
D,5,9,5,5,3,10,5,4,5,11,3,7,4,7,4,10
I,3,11,5,8,6,10,6,1,4,9,4,4,3,8,5,8
H,6,8,8,6,5,10,6,4,6,10,2,7,4,7,4,9
Y,3,5,4,4,2,4,10,2,7,11,10,6,1,11,2,5
K,4,7,6,5,3,6,7,2,7,10,7,10,3,8,3,8
Y,5,8,5,6,2,3,13,4,6,13,11,4,1,11,2,5
O,7,13,5,7,4,6,6,5,5,6,4,8,5,7,5,7
D,4,6,5,5,5,7,7,5,6,7,5,9,4,6,6,5
D,3,9,5,7,8,10,7,5,5,7,5,6,4,6,10,6
I,7,13,5,7,3,9,7,6,4,13,4,9,3,8,5,10
L,4,9,5,8,5,6,8,4,6,7,6,9,3,9,9,10
I,5,7,7,8,6,9,8,5,5,6,5,8,3,8,9,7
D,6,9,8,8,8,7,6,5,7,7,5,9,6,5,9,4
L,1,0,2,1,0,2,1,6,4,0,2,5,0,8,0,8
Y,4,4,5,6,6,9,8,5,3,7,8,7,6,10,6,4
D,6,10,8,7,5,8,7,4,7,11,5,6,3,8,3,8
L,2,3,3,4,1,0,1,5,6,0,0,6,0,8,0,8
M,1,0,2,0,0,7,6,9,0,7,8,8,5,6,0,8
D,9,15,9,8,5,8,6,5,7,12,3,7,6,7,6,10
K,4,5,7,4,4,6,7,1,7,10,7,10,3,8,3,8
O,6,11,6,8,5,8,7,8,5,10,5,8,4,9,4,6
H,5,9,7,6,5,7,6,7,5,5,4,9,3,7,6,9
H,6,8,9,10,9,7,4,4,2,6,4,6,8,6,11,7
Y,4,5,5,8,7,10,8,5,3,7,7,7,6,10,8,4
K,6,8,8,6,7,8,7,1,6,9,4,8,4,8,4,8
L,3,7,3,5,2,0,2,4,5,1,1,7,0,8,0,8
Y,3,7,5,5,2,7,11,1,3,8,11,8,1,10,0,8
Y,1,0,2,0,0,8,10,3,1,6,12,8,1,11,0,8
O,3,6,4,4,3,7,7,7,5,7,6,8,2,8,3,7
D,6,11,6,8,6,5,7,10,7,5,4,6,4,10,5,9
L,3,6,5,5,4,7,8,3,5,7,6,8,3,9,7,11
Y,3,5,4,3,2,4,11,2,7,11,10,6,1,11,2,5
K,2,6,3,4,1,3,7,7,3,7,7,11,3,8,2,10
I,3,11,4,8,3,8,6,0,7,13,6,9,0,7,2,8
I,1,8,0,6,1,7,7,5,3,7,6,8,0,8,0,8
H,4,5,6,4,4,7,8,3,6,10,7,7,5,9,4,8
Y,3,4,5,3,2,9,11,1,7,5,11,7,1,11,2,8
X,5,9,5,5,2,11,6,3,7,9,3,7,3,9,4,10
D,3,3,4,2,2,7,7,6,7,7,6,5,2,8,3,7
I,0,7,0,4,0,7,7,4,4,7,6,8,0,8,0,8
G,6,10,8,7,9,8,8,5,3,6,6,7,9,8,9,14
I,1,6,2,4,1,9,7,0,7,13,5,8,0,8,1,8
L,4,7,5,5,3,7,4,1,8,8,2,10,0,6,2,8
I,0,3,1,2,0,7,7,1,6,13,6,8,0,8,0,7
K,4,9,6,6,6,7,6,5,4,6,6,7,7,6,8,12
I,5,6,7,7,6,7,9,4,5,7,7,7,3,8,8,8
K,4,7,4,4,2,4,9,8,2,7,4,11,4,8,3,10
K,3,4,6,3,3,7,8,2,7,10,4,8,5,7,4,7
K,6,7,8,5,4,6,7,2,7,10,6,10,4,7,4,8
O,6,10,7,8,5,8,6,8,6,9,4,8,3,8,3,8
G,1,0,1,0,0,8,6,5,4,6,6,9,1,8,5,10
I,1,3,1,2,1,7,7,1,7,7,6,8,0,8,2,8
I,2,7,2,5,2,7,7,0,7,7,6,8,0,8,3,8
D,5,10,5,5,3,7,7,4,6,9,6,6,5,9,7,5
I,2,11,2,8,4,7,7,0,7,7,6,8,0,8,3,8
Y,2,1,4,2,1,7,11,1,7,7,11,8,1,11,2,8
L,2,5,3,3,1,3,4,3,8,2,1,7,0,7,1,6
K,4,5,5,4,4,5,7,4,7,6,6,10,3,8,5,8
H,3,7,4,5,3,7,7,12,1,7,6,8,3,8,0,8
O,4,9,5,6,4,8,7,8,5,7,7,7,3,8,3,8
Y,4,6,6,4,3,4,11,2,7,11,10,5,1,11,3,5
I,3,7,5,5,4,12,5,1,6,8,4,5,2,8,4,8
H,2,1,3,2,2,8,7,6,5,7,6,8,3,8,3,8
D,3,4,5,3,3,7,7,5,6,10,6,6,3,8,3,9
Y,3,9,5,6,1,6,10,2,2,8,12,8,1,11,0,8
H,3,7,3,4,2,7,8,14,1,7,5,8,3,8,0,8
H,2,3,3,2,2,9,7,6,6,7,6,6,3,9,2,7
K,6,11,9,8,7,6,6,1,6,9,6,10,5,7,5,8
H,3,2,4,4,3,8,8,6,6,7,6,8,3,8,3,9
D,3,8,5,6,7,9,8,4,4,7,6,6,4,7,7,6
I,3,9,5,6,3,7,7,0,7,13,6,9,0,8,1,8
Y,6,7,8,10,10,9,9,4,2,4,8,9,5,13,10,10
G,2,0,2,1,1,8,6,5,5,6,5,9,1,8,5,10
G,6,11,5,6,3,11,4,3,4,10,2,7,4,7,4,9
G,4,9,5,7,3,6,7,7,8,9,8,10,2,10,4,9
D,5,7,7,6,6,6,7,5,7,7,6,9,4,5,6,5
Y,3,6,5,4,1,6,10,3,2,8,13,8,2,11,0,8
D,2,5,4,4,3,9,6,4,6,10,4,6,2,8,3,8
O,2,4,3,3,2,7,7,7,4,9,6,8,2,8,3,8
K,5,9,8,6,6,7,7,1,6,10,5,9,3,7,3,8
O,2,5,3,4,2,8,7,7,4,9,6,8,2,8,3,8
O,6,10,4,5,3,6,8,4,4,7,4,7,4,8,5,8
D,3,8,4,6,2,5,7,10,8,6,5,5,3,8,4,8
Y,9,10,8,8,4,3,10,4,7,13,12,6,2,11,3,6
D,7,10,9,8,8,7,8,6,6,8,7,6,7,8,3,7
G,5,11,7,8,5,5,6,6,7,6,5,9,4,9,4,7
K,5,9,6,7,7,7,9,5,4,7,5,7,5,7,8,11
Y,3,5,4,3,2,4,10,1,7,10,10,6,1,11,3,4
G,4,8,5,6,3,8,6,6,7,11,6,11,2,10,4,9
I,1,11,0,8,0,7,7,4,4,7,6,8,0,8,0,8
D,5,9,5,6,5,5,7,8,6,5,4,6,3,8,4,9
H,4,4,4,5,2,7,6,15,1,7,8,8,3,8,0,8
Y,7,8,7,6,3,2,12,4,6,13,11,5,1,11,1,5
I,4,10,5,8,3,5,9,0,7,13,7,6,2,9,3,6
G,4,4,5,6,2,7,6,7,8,6,6,9,2,8,6,11
Y,1,1,3,2,1,5,10,1,6,9,11,9,1,11,2,8
H,2,7,3,4,2,7,6,14,2,7,8,8,3,8,0,8
D,3,5,5,4,3,9,6,4,7,10,4,6,2,8,3,9
Y,2,3,2,1,1,5,10,2,7,10,9,4,1,11,2,5
K,4,9,5,7,4,3,8,7,3,7,5,11,3,8,2,11
I,1,1,1,1,0,7,7,2,6,7,6,8,0,8,2,8
I,2,7,4,5,4,10,6,2,5,8,5,5,3,8,5,6
I,3,10,6,8,7,10,6,2,5,8,4,5,3,8,5,7
Y,1,1,2,1,0,8,10,3,1,6,12,8,1,11,0,8
O,5,9,6,6,5,7,7,8,4,7,6,9,3,8,4,7
L,4,11,5,8,4,7,4,1,7,8,2,10,1,6,3,8
D,5,10,7,8,6,7,7,8,5,7,6,5,4,8,3,7
I,1,4,2,3,1,7,8,0,7,13,6,8,0,8,1,7
D,2,4,3,3,2,9,6,3,5,10,4,5,2,8,3,8
D,7,11,9,8,8,7,8,7,6,8,7,6,7,7,3,7
I,2,10,2,7,2,7,7,0,8,7,6,8,0,8,3,8
I,3,9,6,7,6,10,5,2,4,9,5,5,3,8,5,7
G,5,10,6,7,3,7,5,8,9,6,5,10,1,8,6,11
Y,4,10,6,8,3,6,10,2,2,7,12,8,1,11,0,8
I,1,2,1,3,1,7,7,1,8,7,6,8,0,8,3,8
Y,5,5,7,8,8,8,8,7,3,7,7,8,6,10,6,4
Y,4,6,4,4,2,3,11,5,5,12,12,6,2,11,1,6
O,6,11,7,8,6,7,8,8,7,7,6,6,4,7,5,10
D,4,11,5,8,5,8,7,6,7,7,6,5,6,8,3,7
D,3,8,5,6,4,10,6,3,6,10,3,5,3,8,3,8
O,5,10,6,8,9,7,8,5,1,7,6,7,11,11,9,12
L,3,2,4,3,2,4,4,5,7,2,2,5,1,6,1,6
I,1,3,1,2,1,7,7,1,7,7,6,8,0,8,2,8
D,2,3,3,2,2,10,6,3,6,10,3,6,2,8,3,9
D,1,0,2,1,1,6,7,8,6,7,6,6,2,8,3,8
Y,3,3,5,4,1,8,11,2,2,5,12,8,1,10,0,8
H,3,4,4,6,4,11,5,2,2,8,5,9,3,8,5,11
L,5,10,8,8,9,7,7,3,6,6,7,11,6,12,6,6
D,3,3,4,2,2,7,7,6,7,7,6,5,2,8,3,7
K,1,0,2,1,0,5,7,7,1,7,6,11,3,8,2,11
H,4,7,6,5,5,7,9,7,5,8,5,7,3,7,5,10
Y,3,6,4,4,2,10,11,2,2,5,12,8,1,11,0,8
Y,3,9,5,6,1,8,10,3,2,6,13,8,2,11,0,8
G,4,9,4,4,3,8,6,4,2,9,6,8,3,9,7,7
Y,8,11,8,8,4,4,9,1,9,10,10,5,2,9,4,3
I,1,4,1,3,1,7,7,1,7,7,6,8,0,8,2,8
C,5,7,6,5,6,6,6,4,3,7,6,11,5,9,3,9
Y,3,7,5,5,2,7,10,2,2,7,12,8,1,11,0,8
Y,4,5,5,7,7,9,8,5,3,6,8,8,7,11,7,4
D,6,9,6,4,3,8,5,4,5,9,4,7,4,7,5,10
K,1,1,2,1,0,4,6,6,2,7,6,11,3,8,2,10
H,5,6,8,8,6,9,11,4,2,8,7,6,3,10,8,6
K,3,5,6,4,3,7,7,2,7,10,5,9,6,8,5,8
H,5,9,5,6,2,7,8,15,0,7,5,8,3,8,0,8
H,6,9,6,4,3,8,8,4,4,8,6,6,6,10,4,8
H,2,1,3,2,2,6,7,6,5,7,6,8,3,8,3,8
O,5,5,6,7,3,8,7,8,8,6,7,9,3,8,4,8
D,6,9,8,8,8,7,6,5,7,7,5,9,6,5,10,3
Y,7,11,7,8,4,3,10,2,7,10,12,6,2,11,3,5
K,5,9,7,6,5,9,6,1,6,10,4,8,3,8,4,10
I,6,15,4,8,3,11,5,4,5,12,2,7,3,8,5,10
K,3,2,4,3,2,5,7,4,7,6,6,11,3,8,5,9
Y,2,2,3,3,1,7,10,1,6,7,11,9,1,11,1,8
O,2,1,3,1,1,8,7,7,5,7,6,9,2,8,3,8
I,2,6,3,4,2,7,7,0,7,13,6,8,0,8,1,8
I,4,9,4,4,2,8,8,2,4,12,5,6,1,10,5,11
D,5,11,7,8,11,8,8,6,4,7,6,6,7,8,9,6
O,4,7,5,5,3,8,6,8,5,10,6,9,3,8,3,8
V,6,8,6,6,3,3,12,3,3,10,11,8,2,10,1,8
H,2,3,4,2,2,6,8,2,5,10,7,8,3,8,2,7
G,4,7,5,5,3,6,7,6,7,10,7,11,2,9,4,9
D,2,5,4,4,3,9,6,4,6,10,4,6,2,8,3,8
G,5,9,6,7,3,6,7,7,7,10,8,10,2,9,4,9
D,4,7,5,5,2,5,7,10,9,7,7,6,3,8,4,8
Y,9,15,8,8,5,5,7,4,3,9,9,6,4,9,4,4
K,4,5,4,7,2,3,8,8,2,7,4,11,4,8,3,10
L,3,7,3,5,1,0,1,6,6,0,0,6,0,8,0,8
K,4,5,6,5,5,9,5,2,4,8,4,8,4,6,6,11
Y,3,5,5,8,6,7,11,3,3,7,8,9,3,11,7,5
L,2,3,2,2,1,4,4,4,7,2,2,6,0,7,1,6
Y,6,8,6,6,3,4,10,3,7,11,11,5,1,11,3,4
H,3,7,4,5,5,7,8,6,6,7,5,8,3,8,3,7
D,2,3,3,2,2,7,7,6,7,7,6,4,2,8,3,7
L,3,2,4,4,1,5,2,7,8,1,3,2,1,6,1,5
D,7,12,6,6,4,10,4,3,6,10,2,7,4,7,4,12
I,0,3,0,2,0,7,7,1,7,7,6,8,0,8,2,8
H,8,10,11,7,8,7,7,2,6,10,6,9,5,7,4,7
O,6,10,5,5,3,7,5,6,3,10,6,10,5,9,5,8
I,0,0,0,0,0,7,7,4,4,7,6,8,0,8,0,8
O,1,3,2,2,1,8,7,7,4,7,6,8,2,8,2,8
K,4,4,4,6,2,4,8,8,2,7,5,11,3,8,2,11
I,2,8,2,6,2,7,7,0,7,7,6,8,0,8,3,8
O,6,8,8,6,9,7,9,5,2,7,6,7,10,10,6,9
Y,6,10,6,8,4,4,9,1,8,10,10,6,1,10,3,4
D,3,6,3,4,2,5,8,10,8,8,7,5,3,8,3,8
H,4,10,6,7,6,6,7,5,5,7,5,8,6,6,6,11
K,4,10,5,7,2,3,6,8,3,7,7,11,4,8,2,11
O,5,10,4,5,3,5,8,7,3,10,7,8,5,9,5,7
D,2,5,4,4,3,10,6,3,6,10,3,6,2,8,3,8
K,4,5,7,4,4,6,7,2,7,10,7,10,3,8,3,8
I,1,3,2,1,0,7,7,1,7,13,6,8,0,8,0,7
O,5,5,6,7,3,7,7,9,8,7,6,8,3,8,4,8
I,0,0,0,0,0,7,7,4,4,7,6,8,0,8,0,8
L,2,6,4,4,2,9,4,1,7,10,3,10,0,7,2,10
H,6,8,9,6,5,10,7,4,6,11,2,6,4,9,4,10
I,0,0,0,0,0,7,7,4,4,7,6,8,0,8,0,8
D,2,4,4,3,2,9,6,4,6,10,4,5,2,8,3,8
O,2,0,2,1,0,7,7,6,5,7,6,8,2,8,3,8
L,4,10,5,8,4,6,4,1,7,8,2,10,0,6,3,8
O,1,3,2,2,1,8,6,6,3,9,5,7,2,8,2,7
G,5,9,4,5,3,7,9,4,3,8,6,5,3,10,9,7
Y,2,5,4,3,2,7,10,1,7,7,11,8,2,11,2,8
I,3,9,5,7,5,12,5,1,6,8,4,5,1,8,5,10
G,4,11,5,8,5,7,7,8,6,5,7,9,2,7,6,10
O,4,8,6,6,5,7,7,8,4,7,7,9,3,8,3,7
D,4,10,5,8,7,7,7,6,6,7,6,5,6,8,3,7
G,1,0,2,1,1,8,6,6,5,6,5,9,1,8,5,10
O,6,9,7,7,6,7,8,7,5,9,7,9,3,8,4,7
D,3,5,5,3,3,7,7,6,7,7,6,5,2,8,3,7
X,4,6,7,4,4,7,7,1,8,10,6,8,2,8,3,8
Y,4,7,6,5,3,10,10,1,6,2,10,8,1,11,1,9
H,3,7,5,5,4,7,7,7,6,7,6,8,3,8,3,8
D,3,6,4,4,3,7,9,6,5,10,6,4,3,8,3,6
H,5,6,7,4,4,5,8,4,6,10,8,9,3,8,3,7
I,5,9,6,7,4,7,6,2,7,7,6,9,0,9,4,8
Y,4,7,4,5,2,4,9,2,6,10,11,6,1,11,2,5
L,5,11,7,8,5,7,4,1,8,8,2,10,0,6,3,8
H,3,4,5,3,3,6,8,3,5,10,9,9,3,7,3,6
Y,6,11,6,8,3,3,10,3,6,12,12,7,1,11,2,6
I,3,9,5,7,3,7,7,0,7,13,6,8,0,8,1,8
I,1,8,2,6,2,7,7,0,7,7,6,8,0,8,2,8
L,5,11,7,8,4,7,3,2,8,7,2,8,1,6,3,7
Y,9,8,8,12,5,10,11,1,4,7,10,5,4,10,5,10
Y,6,7,6,5,3,3,10,2,7,10,11,6,1,11,2,5
Y,4,6,6,8,6,10,11,5,4,6,7,7,5,10,7,4
G,1,3,2,1,1,7,7,5,5,10,7,10,2,9,3,10
I,0,3,0,4,0,7,7,4,4,7,6,8,0,8,0,8
Y,3,10,5,7,3,7,10,2,6,6,12,9,2,11,2,8
G,5,10,6,7,5,7,7,7,7,6,5,10,1,7,5,11
L,3,7,4,5,3,5,5,2,8,3,2,7,0,7,1,5
D,5,3,6,4,4,7,7,7,7,7,6,4,3,8,3,7
H,3,5,6,4,3,9,7,3,6,10,3,7,5,7,4,9
O,1,0,2,0,0,7,7,6,4,7,6,8,2,8,3,8
L,2,3,2,2,1,4,3,4,6,2,2,5,0,7,0,6
Y,2,2,4,3,1,6,10,1,7,8,11,8,1,11,2,7
H,4,9,4,7,4,7,8,13,1,7,5,8,3,8,0,8
I,1,6,0,8,0,7,7,4,4,7,6,8,0,8,0,8
C,3,4,4,3,2,4,7,5,7,10,8,13,1,9,3,8
Y,1,1,3,2,1,8,11,1,6,6,10,8,1,11,1,8
C,4,7,5,5,2,5,8,7,10,6,7,11,1,7,4,8
K,4,5,7,4,3,6,6,2,7,10,8,11,4,7,4,7
D,5,9,8,6,6,9,8,4,6,11,5,5,4,7,4,9
X,4,9,5,6,1,7,7,5,4,7,6,8,3,8,4,8
I,1,1,1,2,1,7,7,1,7,7,6,8,0,8,2,8
G,2,4,3,3,2,6,7,5,5,9,7,10,2,9,4,9
Y,6,11,9,8,5,7,10,1,8,6,12,9,4,10,3,7
Y,3,11,5,8,1,5,10,3,2,9,13,8,1,11,0,8
O,4,8,5,6,5,7,8,8,5,7,8,8,3,8,3,8
I,1,3,2,2,1,7,7,1,7,13,6,8,0,8,1,8
H,2,6,3,4,1,7,9,14,2,7,4,8,3,8,0,8
O,6,12,4,6,3,6,8,5,5,9,5,6,5,9,5,8
O,2,3,3,2,2,7,7,6,4,9,6,8,2,8,2,8
D,8,14,7,8,5,7,6,3,7,10,5,7,6,7,8,5
I,2,5,3,4,1,7,7,0,7,13,6,8,0,8,1,8
D,6,11,6,8,4,6,7,11,11,6,5,6,3,8,4,8
D,4,9,4,4,2,13,3,3,4,12,1,8,3,7,1,10
O,4,5,6,7,3,9,8,9,8,6,7,10,3,8,4,8
O,2,4,3,2,2,8,7,7,4,7,6,8,2,8,2,8
G,3,3,4,5,2,7,8,8,7,6,7,8,2,7,6,11
I,0,7,0,5,0,7,7,4,4,7,6,8,0,8,0,8
D,6,9,8,8,8,6,8,5,7,5,3,6,5,9,8,5
H,6,7,8,5,6,10,6,3,6,10,3,7,4,7,4,9
L,5,11,6,8,2,0,0,7,6,0,1,4,0,8,0,8
O,2,5,3,3,2,8,7,7,4,9,5,8,2,8,3,8
D,3,8,4,6,2,6,7,10,9,6,6,6,3,8,4,8
G,3,4,4,2,2,6,7,5,5,10,7,9,2,9,4,9
Y,5,9,5,4,2,5,8,3,3,10,9,6,4,9,3,4
Y,2,3,4,2,1,8,11,1,6,6,11,9,1,11,1,8
I,1,2,1,3,1,7,7,1,7,7,6,8,0,8,2,8
D,4,6,6,4,4,7,7,6,5,7,6,6,4,8,3,7
I,4,11,3,6,2,10,5,4,4,12,3,7,3,8,5,10
H,6,7,9,5,5,8,7,3,7,10,4,7,5,6,4,8
Y,2,8,4,5,1,6,11,2,3,9,12,8,1,10,0,8
H,1,1,2,1,1,7,7,11,1,7,6,8,3,8,0,8
I,2,6,3,4,1,7,7,0,7,13,6,8,0,8,1,8
H,3,8,4,5,2,7,8,15,1,7,5,8,3,8,0,8
D,5,8,6,6,5,7,8,4,7,7,6,8,7,8,3,7
L,2,4,2,3,1,5,4,5,7,2,2,4,1,7,1,6
D,3,8,4,6,4,8,8,6,5,9,6,4,3,8,3,6
I,1,7,0,4,0,7,7,4,4,7,6,8,0,8,0,8
Y,3,5,4,7,6,8,8,3,1,7,7,9,4,11,6,7
G,3,2,4,4,3,6,7,6,6,7,6,10,3,7,4,9
Y,4,11,5,8,2,6,10,1,3,7,12,8,1,11,0,8
Y,3,4,4,6,1,6,12,2,3,9,12,8,0,10,0,8
H,8,12,7,6,4,9,9,4,7,8,2,5,6,6,4,8
I,1,9,0,6,0,7,7,4,4,7,6,8,0,8,0,8
Y,3,5,4,7,7,8,5,4,2,7,7,9,5,10,4,7
O,4,4,5,7,2,7,8,8,8,6,8,9,3,8,4,8
H,4,2,5,4,4,8,7,6,7,7,6,8,6,8,4,7
G,4,5,5,3,3,7,6,6,7,7,6,10,2,9,3,8
H,6,11,6,8,3,7,7,15,0,7,6,8,3,8,0,8
Y,2,1,3,2,1,7,10,1,7,7,11,8,1,11,1,8
J,4,11,4,8,3,14,3,5,5,13,1,9,0,7,0,8
C,4,6,5,5,5,5,6,3,5,7,6,11,4,10,6,10
I,3,9,4,6,2,6,8,0,8,14,7,8,0,8,1,7
O,4,6,5,5,4,8,5,4,4,9,4,10,3,7,5,7
I,5,12,4,6,2,12,4,3,5,12,2,7,2,8,2,11
D,4,6,5,5,5,6,7,5,6,7,4,7,4,7,6,5
C,2,5,3,3,1,4,8,4,7,11,9,12,1,9,2,7
H,5,7,7,5,5,8,7,3,6,10,6,9,3,8,3,8
H,5,10,7,8,7,7,7,6,7,7,6,8,6,8,4,8
H,7,9,10,7,8,6,8,2,6,10,8,8,4,10,4,7
X,5,9,8,7,4,7,8,1,8,10,7,8,3,8,4,7
H,5,7,8,5,6,5,9,3,6,10,9,9,3,9,3,6
Y,5,10,7,8,3,8,10,3,2,6,12,8,2,11,0,8
C,2,3,2,2,1,5,8,5,6,11,9,11,1,9,3,8
G,4,5,5,4,3,6,7,5,6,9,7,10,2,8,4,9
C,1,0,1,1,0,7,7,5,7,7,6,14,0,8,4,10
K,2,1,3,2,2,5,7,4,7,7,6,11,3,8,4,9
H,4,4,7,3,3,8,7,3,6,10,5,8,3,8,3,8
Y,3,5,5,4,2,8,11,1,7,5,11,9,2,12,3,8
I,4,11,7,8,8,10,7,2,5,9,4,4,4,9,7,5
D,2,3,2,2,2,7,7,6,6,7,6,5,2,8,2,7
C,3,2,4,4,2,6,8,7,8,9,8,13,1,9,4,10
Y,8,7,6,11,5,9,8,5,5,4,11,6,4,11,5,7
O,8,12,5,6,3,8,7,6,5,9,4,7,5,9,5,8
Y,4,5,5,3,2,4,11,2,7,11,10,5,1,11,2,5
G,5,10,6,7,7,7,5,6,3,7,6,11,4,8,7,7
O,4,9,5,7,5,7,7,8,4,7,6,8,3,8,3,8
L,9,15,8,8,4,9,2,4,5,12,4,13,2,7,6,8
K,5,7,7,5,4,4,8,2,7,10,10,11,3,8,4,6
D,2,4,3,3,2,9,6,4,5,10,4,5,2,8,2,8
C,2,5,3,3,2,6,8,7,7,8,7,13,1,9,4,10
H,3,7,5,5,6,8,7,4,3,6,6,7,7,8,8,8
O,3,6,4,4,2,7,8,8,7,7,7,8,3,8,4,8
L,1,3,2,2,1,5,4,4,6,3,3,5,1,7,1,6
I,2,7,3,5,1,7,6,0,8,14,7,10,0,8,1,8
H,2,2,3,3,2,8,7,6,6,7,6,8,6,8,3,7
H,4,2,5,4,4,8,7,6,7,7,6,8,3,8,4,8
O,1,3,2,1,1,7,7,5,3,9,6,8,2,8,2,8
H,8,13,8,7,4,10,8,4,6,9,2,5,6,7,4,9
H,3,7,3,5,3,8,6,12,2,7,8,8,3,9,0,8
X,3,6,5,4,4,7,8,3,5,6,6,9,3,8,8,8
G,8,9,10,8,11,7,8,6,3,7,7,9,9,10,9,9
H,2,1,3,2,2,7,7,5,5,7,6,8,3,8,2,8
H,5,5,5,7,3,7,8,15,1,7,5,8,3,8,0,8
H,2,2,3,3,2,8,7,6,6,7,6,7,3,8,3,7
Y,3,5,4,6,5,8,10,6,4,7,7,6,4,10,6,3
D,4,9,5,7,6,7,8,6,6,8,7,5,3,8,3,7
D,5,8,8,6,6,8,8,5,6,10,6,5,5,9,4,10
Y,7,7,7,5,4,3,10,1,8,11,10,6,1,9,2,4
H,3,3,5,1,2,6,7,3,6,10,9,9,3,8,3,6
Y,3,6,5,9,8,8,6,4,1,7,8,9,7,10,8,8
H,4,9,6,6,5,7,6,7,7,7,7,9,3,8,3,9
I,3,8,4,6,2,6,9,0,7,13,7,7,0,8,1,7
D,4,8,5,6,4,7,6,7,8,6,5,5,3,8,3,7
I,7,11,6,6,3,8,8,3,6,13,4,5,2,8,6,10
I,1,3,1,2,1,8,7,1,7,7,6,7,0,8,2,7
G,4,4,5,6,3,7,6,8,7,6,6,7,2,8,6,11
K,6,10,9,8,6,5,8,2,7,10,8,10,3,8,3,8
O,3,1,4,3,2,7,7,7,4,7,6,7,2,8,3,7
I,0,9,0,6,0,7,7,4,4,7,6,8,0,8,0,8
H,2,1,2,1,2,8,8,5,5,7,6,8,3,8,2,7
I,1,9,1,6,2,7,7,0,7,7,6,8,0,8,3,8
Y,2,3,3,2,1,4,10,2,7,10,10,6,1,11,2,4
Y,5,8,5,6,2,3,10,2,7,11,11,6,1,11,2,4
K,6,10,8,8,5,5,8,2,7,10,8,11,3,8,3,7
O,4,8,5,6,4,7,7,7,6,7,5,8,2,8,3,8
K,1,0,1,0,0,5,7,7,1,7,6,11,2,8,2,11
L,2,2,3,4,2,4,4,5,7,2,2,5,1,6,1,6
G,5,11,7,8,8,7,6,7,3,7,6,10,5,8,8,8
O,9,14,6,8,4,4,9,6,5,10,8,9,5,10,5,7
H,7,11,9,8,8,7,6,5,5,6,5,7,9,6,7,10
D,6,9,8,8,9,7,7,4,7,7,5,8,4,7,7,5
D,3,7,5,5,7,10,8,4,5,7,6,6,4,7,7,5
D,3,5,5,4,3,9,6,4,6,10,4,5,2,8,3,8
O,3,9,4,6,4,7,7,8,6,7,7,8,2,8,3,7
H,3,8,4,6,3,7,7,12,1,7,6,8,3,8,0,8
K,8,10,11,8,8,7,7,1,7,10,5,9,5,7,4,7
O,5,7,6,5,7,8,7,5,1,7,6,8,8,8,5,10
K,4,5,5,7,2,3,7,8,2,7,5,11,4,8,2,11
O,4,6,6,5,4,7,6,4,4,7,3,7,3,7,4,8
O,3,6,4,4,3,7,8,8,7,7,8,7,2,8,4,8
Y,3,6,5,4,2,10,11,2,7,3,11,8,1,11,1,9
Y,7,11,7,8,5,4,9,1,7,9,10,6,2,12,4,3
D,6,11,6,8,4,5,7,10,10,7,6,6,3,8,4,8
I,1,8,2,6,2,7,7,0,7,7,6,8,0,8,2,8
I,2,5,0,7,0,7,7,4,4,7,6,8,0,8,0,8
I,2,8,5,6,5,11,6,1,6,9,4,5,1,7,5,8
I,1,4,0,5,0,7,7,4,4,7,6,8,0,8,0,8
L,6,12,6,6,4,8,3,3,4,12,8,12,3,10,5,11
H,4,7,5,5,4,9,7,7,6,7,6,5,3,8,3,5
H,5,9,8,7,7,8,8,5,7,7,6,7,6,8,4,7
I,1,8,0,5,0,7,7,4,4,7,6,8,0,8,0,8
K,3,5,5,3,3,6,7,1,6,10,7,10,3,8,3,8
Y,3,4,4,2,2,4,10,2,7,10,10,5,2,11,3,4
Y,4,11,6,8,3,10,10,1,3,6,12,8,1,11,0,8
O,4,7,4,5,3,7,7,8,6,9,7,10,3,8,3,7
Y,2,4,3,3,1,3,11,3,5,12,10,6,1,10,1,6
K,2,1,2,2,1,5,7,8,1,7,6,11,3,8,2,11
K,7,10,10,8,7,4,7,2,7,10,10,11,3,8,3,6
Y,2,6,4,4,1,6,10,3,2,7,13,8,2,11,0,8
V,3,6,5,4,1,7,8,4,2,7,13,8,3,9,0,8
I,0,6,0,4,0,7,7,5,3,7,6,8,0,8,0,8
L,9,15,7,8,4,7,4,3,6,11,3,12,2,7,6,7
G,5,11,4,6,3,8,7,5,3,9,6,7,3,9,8,8
Y,4,11,6,8,3,10,10,1,3,6,12,8,1,11,0,8
I,1,4,2,2,1,7,7,1,7,13,6,8,0,8,1,8
O,2,5,3,4,2,8,7,7,4,9,4,8,2,8,2,8
Y,10,9,8,13,5,8,9,3,3,6,11,5,4,10,7,7
H,6,7,8,5,5,5,9,3,6,10,9,9,4,9,4,7
D,2,6,4,4,5,9,8,4,4,7,6,6,3,8,7,4
Y,6,6,5,9,4,7,7,4,3,6,11,6,4,11,6,6
Y,8,10,8,8,4,2,12,5,5,13,12,6,1,11,2,5
Y,6,8,6,6,2,2,12,4,6,13,12,6,1,11,1,6
C,7,10,8,8,4,6,8,7,8,13,8,9,2,11,3,7
C,4,9,5,7,3,6,8,9,8,9,8,12,2,10,4,9
O,2,3,3,2,2,8,7,7,4,9,6,9,2,8,3,8
H,6,10,8,8,11,8,9,5,3,6,7,7,8,7,11,9
G,4,7,6,5,7,8,6,4,2,7,6,9,6,8,7,13
O,3,6,4,4,3,7,7,7,4,7,5,8,3,8,3,8
D,2,4,4,3,2,8,7,4,6,10,4,6,2,8,3,8
H,7,11,10,8,9,9,7,3,6,10,4,7,5,6,4,9
D,4,8,4,6,2,5,6,10,8,5,4,5,3,8,4,8
I,1,5,1,4,1,7,7,1,8,7,6,8,0,8,3,8
D,3,2,4,4,3,7,7,7,6,6,6,5,2,8,3,7
H,3,5,5,6,4,11,5,3,2,8,4,9,4,8,5,11
H,3,4,5,6,4,7,4,5,2,6,4,6,4,6,7,7
K,5,8,7,6,5,7,7,1,6,10,5,9,3,8,3,9
Y,1,1,2,1,1,7,10,1,5,7,11,8,1,11,1,8
D,2,3,4,2,2,9,6,4,6,10,4,6,2,8,2,9
O,4,10,5,8,5,8,8,8,5,6,8,9,3,8,3,7
X,1,3,2,1,1,8,7,4,8,7,6,8,2,8,5,8
I,2,5,1,4,1,7,7,1,7,7,6,8,0,8,3,8
G,2,4,4,3,2,7,6,6,6,6,6,10,2,9,4,9
D,7,13,6,7,5,6,7,5,6,8,5,7,5,10,6,5
D,3,4,4,3,2,7,7,6,7,7,6,5,2,8,3,7
K,5,10,8,8,9,6,6,3,4,6,5,10,8,6,8,8
I,4,8,5,6,3,9,8,2,8,7,6,5,0,8,4,7
Y,3,5,5,7,1,9,10,3,2,6,13,8,2,11,0,8
O,3,7,5,5,2,7,7,8,8,7,6,7,3,8,4,8
I,1,4,0,2,0,7,7,1,7,7,6,8,0,8,2,8
H,6,9,6,4,3,7,8,4,4,9,9,9,6,10,5,9
Y,4,5,6,7,1,7,12,2,3,7,12,8,1,10,0,8
Y,9,11,9,8,6,5,8,0,9,8,9,5,4,13,7,3
L,8,13,8,8,5,7,4,3,5,11,6,12,4,6,7,8
I,1,8,2,6,2,7,7,0,8,7,6,8,0,8,3,8
O,6,10,8,8,9,7,8,6,2,7,6,7,10,9,6,10
G,5,10,7,8,6,6,6,7,6,6,5,12,3,10,5,7
O,4,5,5,4,3,7,7,8,5,7,6,8,2,8,3,8
D,3,1,4,2,2,7,7,6,7,7,6,5,2,8,3,7
I,3,10,4,8,2,6,9,0,8,13,7,7,0,8,1,7
H,4,10,6,8,7,8,7,5,6,7,6,6,3,8,4,7
D,9,14,8,8,6,8,5,4,7,10,5,7,6,9,7,8
I,1,5,0,8,0,7,7,4,4,7,6,8,0,8,0,8
H,11,13,10,7,5,8,9,4,6,9,5,7,6,8,5,9
Y,7,6,6,9,4,7,10,2,3,7,10,4,4,10,6,7
J,5,6,7,7,6,7,8,4,5,7,7,8,4,6,8,6
G,5,9,6,6,4,7,6,7,7,7,5,12,2,8,5,10
I,5,12,5,6,3,9,8,2,5,12,4,5,2,10,5,11
I,1,3,2,2,1,7,8,1,7,13,6,8,0,8,1,7
O,10,14,7,8,4,6,8,5,4,7,4,6,5,9,5,7
I,1,3,2,2,1,7,7,1,7,13,6,8,0,8,1,8
I,1,1,1,2,1,7,7,1,7,7,6,8,0,8,2,8
L,6,10,8,8,7,6,6,6,6,6,5,8,6,7,4,10
O,4,9,6,7,4,8,6,9,3,6,5,7,3,8,4,9
H,4,7,6,5,7,8,8,4,3,6,7,7,7,9,7,7
O,4,5,5,4,3,8,7,8,5,7,6,8,2,8,3,8
O,3,7,3,5,2,8,7,7,5,9,5,8,3,8,3,8
H,3,2,5,4,4,8,7,6,6,7,6,7,3,8,3,7
I,1,11,0,8,1,7,7,5,3,7,6,8,0,8,0,8
I,3,10,5,8,3,8,6,0,7,13,6,9,1,7,2,8
I,1,10,2,8,2,7,7,0,8,7,6,8,0,8,3,8
O,6,9,6,7,4,8,6,8,5,10,6,10,3,8,4,6
I,3,8,4,6,2,7,7,0,7,13,6,8,0,8,1,8
L,3,4,4,7,1,0,1,6,6,0,0,6,0,8,0,8
K,2,1,3,3,2,6,7,4,7,7,6,10,3,8,5,9
I,4,11,3,6,2,10,7,6,3,13,4,8,2,8,4,9
K,4,4,6,3,3,6,7,2,7,10,7,10,3,8,3,7
H,5,11,8,8,7,8,7,3,6,10,5,8,3,9,4,8
D,3,7,3,5,2,5,7,10,8,7,6,5,3,8,4,8
I,2,7,3,5,2,8,6,0,7,13,6,9,0,8,1,8
Y,1,0,2,0,0,8,10,3,1,6,12,8,1,11,0,8
K,6,9,7,4,3,5,8,3,5,9,9,10,5,10,3,6
I,6,7,8,8,7,8,8,4,5,6,6,7,3,8,10,10
Y,5,6,7,9,9,8,10,4,3,6,8,9,5,13,8,8
Y,4,9,5,7,2,8,11,0,4,6,11,8,0,10,0,8
O,4,8,5,6,4,7,8,7,4,10,7,9,3,8,3,7
K,7,10,10,7,8,8,6,1,7,9,5,9,5,7,5,8
O,7,11,7,8,5,8,7,8,5,10,6,8,3,8,3,8
Y,4,7,4,5,1,3,12,4,5,13,11,5,1,11,1,6
D,4,11,4,8,3,5,7,11,8,7,6,5,3,8,4,8
I,4,11,7,9,8,10,8,2,6,9,4,5,4,7,8,4
I,1,6,0,4,1,7,7,5,3,7,6,8,0,8,0,8
G,6,7,8,6,7,7,8,5,3,7,7,8,9,10,9,7
D,4,8,6,6,8,9,9,4,4,8,7,5,4,9,8,6
D,4,10,6,8,7,8,7,5,7,6,5,6,6,8,3,7
K,6,10,6,5,3,7,7,3,6,10,8,9,6,11,3,7
O,3,1,4,2,2,7,8,7,5,7,7,8,2,8,3,8
Y,5,6,5,4,2,5,9,2,8,10,10,5,2,10,4,3
H,6,10,7,5,4,7,8,3,5,10,7,8,6,9,5,7
D,5,9,7,6,4,10,6,3,8,11,4,6,4,6,4,8
Y,3,4,5,6,1,7,12,2,3,8,12,8,1,10,0,8
D,3,3,3,4,2,5,7,10,8,7,6,6,3,8,4,8
X,5,11,8,8,4,11,5,2,8,10,0,7,3,8,4,10
D,3,4,5,3,2,10,6,3,7,10,3,6,2,8,3,9
H,3,8,5,6,6,8,6,4,5,6,6,8,6,7,6,7
J,3,9,5,7,5,9,9,3,3,8,4,6,4,8,5,5
Y,1,0,2,0,0,7,10,3,1,7,12,8,1,11,0,8
K,2,3,4,1,2,4,8,2,6,10,9,10,2,8,2,7
C,4,6,5,4,2,4,9,5,7,11,10,12,1,9,3,7
I,3,11,4,9,2,6,8,0,7,13,7,8,0,8,1,7
L,5,9,7,7,4,5,3,3,9,6,1,9,1,6,3,7
D,2,4,4,2,2,9,6,4,6,11,4,6,2,8,3,8
T,8,10,8,7,6,6,11,4,6,11,9,5,3,12,2,4
Y,2,6,4,4,1,7,9,2,2,7,12,8,2,11,0,8
H,7,10,7,5,5,6,8,4,5,9,9,9,7,11,6,7
I,1,10,0,8,1,7,7,5,3,7,6,8,0,8,0,8
I,1,3,2,2,1,7,8,1,7,13,6,8,0,8,1,7
I,7,12,5,6,2,10,5,6,4,13,3,9,3,8,4,9
Y,3,6,5,8,1,10,11,2,4,4,12,8,0,10,0,8
K,10,12,10,7,4,9,8,4,8,9,1,5,5,6,3,9
H,3,5,6,3,3,7,7,3,6,10,6,8,3,8,3,7
G,5,8,6,6,4,6,6,7,6,6,6,11,2,8,4,9
O,5,9,6,7,3,7,7,9,8,7,6,8,3,8,4,8
K,1,0,1,0,0,4,6,6,2,7,6,11,3,7,2,10
I,0,1,1,2,1,7,7,1,6,7,6,8,0,8,2,8
G,3,7,5,5,5,7,9,6,3,6,6,10,3,7,7,8
L,1,4,2,2,1,7,4,1,7,8,2,10,0,7,2,8
G,7,12,6,7,3,10,4,4,4,10,3,6,4,7,5,9
I,4,10,7,8,8,10,6,2,4,8,4,4,3,8,5,7
K,5,8,8,7,7,6,8,3,4,6,3,9,8,3,10,9
Y,3,3,5,4,1,9,9,3,1,5,13,8,2,10,0,8
K,4,6,6,4,3,7,6,2,7,10,5,10,4,7,4,9
C,4,8,5,6,6,7,6,3,4,8,6,11,5,9,3,8
Y,2,1,4,2,1,7,11,1,7,7,11,8,1,11,2,8
K,3,4,5,3,3,6,8,1,7,10,7,10,3,8,2,7
I,5,11,4,6,2,8,8,2,5,13,4,5,2,9,5,9
L,4,9,6,7,4,9,4,1,7,9,2,10,3,6,4,9
H,4,4,6,6,4,9,8,3,1,7,6,8,4,9,9,7
Y,4,8,6,6,6,8,7,5,4,7,8,8,6,8,7,4
Y,6,11,9,8,5,6,9,0,8,8,12,9,1,11,2,7
K,2,3,4,1,2,6,8,1,6,10,6,9,3,8,2,8
C,2,2,3,4,2,6,8,8,7,9,8,12,1,10,4,10
Y,7,9,8,7,4,3,10,2,7,10,12,7,2,11,2,6
K,4,7,5,5,2,4,8,9,1,7,6,11,3,8,2,11
Z,5,10,6,8,3,7,7,4,15,9,6,8,0,8,8,8
I,0,6,0,4,0,7,7,4,4,7,6,8,0,8,0,8
Y,2,7,3,4,0,7,11,1,3,8,12,8,1,11,0,8
O,3,7,5,5,6,8,6,5,2,7,6,8,8,9,5,10
O,4,5,5,4,4,8,4,4,4,9,4,10,3,6,6,6
I,3,11,4,9,2,7,8,0,8,13,6,7,0,8,1,7
Y,3,5,4,4,2,4,11,2,7,11,10,6,1,11,2,5
G,3,2,4,3,2,7,6,6,6,6,6,10,2,9,4,9
Y,4,9,6,7,3,5,11,2,3,8,12,8,1,11,0,8
Y,4,6,6,4,3,9,10,1,7,3,11,8,1,11,1,9
I,0,1,0,1,0,7,7,4,4,7,6,8,0,8,0,8
D,2,4,3,2,2,7,7,6,6,7,7,5,2,8,2,7
I,2,10,0,7,0,7,7,4,4,7,6,8,0,8,0,8
G,4,9,5,7,3,8,8,8,8,5,7,9,2,7,6,11
K,4,10,5,7,2,3,8,8,2,7,5,11,3,8,3,10
D,3,6,4,4,4,7,7,4,6,7,6,6,3,8,2,7
D,3,7,5,5,4,9,7,3,5,10,4,6,3,8,2,8
D,5,9,6,7,7,7,7,7,6,7,6,4,3,8,3,8
H,6,10,9,8,8,7,7,3,6,10,6,8,3,8,3,7
Y,3,6,5,9,8,9,7,4,1,6,7,9,4,11,7,8
D,7,13,6,7,4,10,4,4,5,12,2,8,5,6,4,9
O,6,10,7,7,6,7,7,7,4,9,6,10,5,8,5,6
H,3,4,5,2,2,7,7,3,6,10,6,8,3,8,3,8
K,2,3,2,2,2,5,7,4,7,6,6,10,3,8,4,10
G,4,8,6,6,4,7,7,7,6,6,6,9,2,8,4,8
Y,3,7,4,5,4,9,8,6,4,5,9,7,2,8,7,5
Y,1,1,3,2,1,6,10,1,6,8,11,8,1,11,2,8
D,3,2,4,4,3,7,7,7,7,7,6,5,2,8,3,7
C,4,7,5,5,2,5,8,7,8,7,8,14,1,8,4,9
H,3,3,4,4,2,7,9,14,1,7,3,8,3,8,0,8
Y,7,9,7,7,4,3,10,2,7,11,11,7,1,11,2,5
Y,4,8,6,6,3,7,9,1,7,6,12,9,2,11,2,8
G,4,7,6,5,3,6,7,5,5,6,6,8,3,8,4,8
H,5,9,6,6,2,7,6,15,1,7,8,8,3,8,0,8
G,4,7,4,5,2,7,6,6,6,11,6,12,2,10,4,10
L,3,7,4,5,2,6,3,1,8,8,2,11,0,7,2,8
K,7,10,10,8,6,4,9,2,7,10,9,10,5,6,4,5
H,4,7,6,5,5,8,6,6,7,7,7,6,3,9,3,7
K,6,11,6,8,3,4,8,8,2,7,4,11,4,8,2,11
H,4,7,4,5,2,7,7,14,0,7,6,8,3,8,0,8
L,2,2,3,4,2,4,4,4,7,2,1,6,0,7,1,6
K,6,9,9,7,7,10,5,1,5,9,3,8,7,6,6,11
H,3,2,4,4,3,8,7,6,6,7,6,8,3,8,3,8
I,1,3,1,2,0,7,7,1,7,7,6,9,0,8,2,8
Y,4,6,5,8,7,10,9,5,3,6,7,8,6,11,7,5
H,5,9,7,7,6,7,7,7,7,7,6,8,3,8,4,8
G,2,0,2,1,1,8,6,6,5,6,5,9,1,8,5,10
Y,3,5,4,7,7,7,5,4,2,7,7,9,5,10,4,8
K,4,10,6,8,7,6,6,5,3,7,6,9,4,5,10,8
H,4,6,6,4,5,7,8,5,6,7,5,8,3,8,3,8
I,1,2,1,3,1,7,7,1,7,7,6,8,0,8,3,8
Y,3,4,5,5,1,6,11,2,2,9,12,8,1,10,0,8
H,2,6,2,4,1,7,8,14,1,7,5,8,3,8,0,8
O,6,10,7,8,3,6,6,9,9,6,5,6,3,8,4,8
Y,5,8,5,6,3,5,9,1,8,9,9,5,1,11,3,4
H,6,7,9,9,8,9,12,3,2,8,7,6,4,11,8,6
I,4,9,5,7,3,7,8,2,8,7,6,8,0,7,4,8
H,6,7,8,9,7,9,8,3,1,8,6,8,4,9,9,9
I,1,10,0,8,1,7,7,5,3,7,6,8,0,8,0,8
K,5,9,8,6,6,6,7,1,6,9,6,9,3,8,3,8
O,2,7,3,5,2,7,6,8,7,7,4,8,3,8,4,8
H,3,7,4,4,2,7,9,14,2,7,3,8,3,8,0,8
L,2,5,3,4,2,4,4,4,7,2,1,6,0,7,1,6
G,5,9,6,7,8,8,8,5,2,6,6,9,7,9,6,13
O,5,10,4,5,3,6,6,6,2,9,6,9,5,9,4,8
L,3,5,5,4,2,7,4,1,8,8,2,10,0,7,2,8
I,5,10,5,5,3,8,8,3,5,12,5,6,2,10,5,10
T,4,6,6,4,5,7,8,4,5,6,7,9,5,9,5,7
I,6,11,7,8,5,7,8,1,8,7,6,8,0,7,4,8
K,8,15,8,8,6,6,7,2,6,10,4,9,5,5,3,7
K,5,7,8,5,5,7,6,1,7,10,6,10,4,7,4,9
K,3,7,5,5,5,6,6,3,4,6,6,9,5,8,7,9
D,5,10,6,8,6,6,8,9,8,7,6,5,2,8,3,7
H,1,0,1,1,0,7,7,11,1,7,6,8,3,8,0,8
K,5,10,8,8,8,5,6,4,7,6,6,12,5,7,7,10
K,6,9,8,8,8,7,7,2,4,7,3,9,7,4,9,10
H,2,1,2,1,2,8,8,6,6,7,6,8,3,8,3,8
Y,5,7,5,5,2,3,11,3,6,12,11,5,0,10,2,5
K,6,7,8,5,4,4,8,3,7,11,10,11,3,8,3,6
Y,3,4,4,3,2,5,10,2,7,10,10,5,1,11,3,5
G,5,5,7,8,3,7,5,7,10,5,5,9,1,9,7,11
D,6,14,6,8,4,8,6,5,6,8,4,7,4,7,6,9
H,3,5,5,7,4,8,12,3,2,8,8,7,3,10,7,6
L,4,9,4,7,1,0,1,6,6,0,0,6,0,8,0,8
O,2,6,3,4,3,7,8,7,5,7,9,8,2,9,3,7
K,6,7,8,5,4,4,8,3,6,10,10,11,4,7,3,6
K,5,8,8,6,4,4,8,3,7,10,10,11,4,8,4,6
D,1,0,1,0,0,6,7,7,5,7,6,6,2,8,2,8
H,4,8,5,6,5,6,7,5,4,7,5,8,3,7,6,11
G,2,3,3,2,1,6,7,5,5,9,7,10,2,8,4,10
L,4,10,5,7,4,4,4,3,8,2,1,7,0,6,1,6
O,2,0,2,1,1,7,6,7,5,7,6,8,2,8,3,8
H,5,7,7,5,5,7,7,3,6,10,5,8,3,8,3,8
K,4,11,6,8,6,5,6,4,7,6,6,11,3,8,6,9
H,6,8,9,6,5,5,8,4,7,10,10,10,5,10,4,6
H,3,8,4,6,4,7,7,13,1,7,6,8,3,8,0,8
Y,4,11,6,8,3,6,10,1,7,7,12,9,1,11,2,8
I,6,11,4,6,2,9,6,6,5,13,5,9,2,8,4,9
D,2,4,4,3,2,8,7,5,6,9,5,5,2,8,3,7
I,1,8,1,6,1,7,7,0,8,7,6,8,0,8,3,8
I,1,3,1,2,1,8,7,1,7,7,6,7,0,8,2,7
D,3,8,5,6,4,10,6,3,6,11,4,7,3,8,2,9
I,0,0,0,0,0,7,7,4,4,7,6,8,0,8,0,8
K,7,13,8,7,5,7,8,2,6,10,4,8,5,5,4,7
K,4,7,5,5,5,5,6,4,6,6,6,11,3,8,5,10
L,3,9,5,7,7,7,8,3,5,6,6,10,6,11,7,5
G,4,9,5,7,4,5,7,6,5,9,8,10,2,8,4,9
K,3,2,4,4,3,5,7,4,7,7,6,11,3,8,5,9
C,3,8,4,6,3,5,8,8,7,10,8,13,2,10,4,9
G,5,10,7,8,8,9,6,5,2,6,6,10,8,8,5,10
C,10,15,6,8,3,7,8,6,7,12,6,7,2,9,5,8
O,6,10,6,7,4,9,6,8,6,10,3,8,4,8,4,6
K,2,3,3,1,1,4,8,2,6,10,10,10,2,8,2,6
O,3,2,4,3,3,8,7,8,5,7,6,8,2,8,3,8
K,4,7,6,5,3,8,6,2,7,10,3,9,3,8,4,10
G,3,7,5,5,3,7,6,6,6,6,6,10,2,9,4,8
K,3,4,4,7,2,3,7,7,3,7,7,11,3,8,3,10
I,1,1,1,2,1,7,7,1,6,7,6,8,0,8,2,8
Y,5,6,4,9,3,9,9,2,3,6,10,5,3,10,5,8
K,7,15,8,8,5,9,6,3,6,11,2,7,5,7,4,9
Y,3,5,5,7,6,8,8,3,2,7,8,9,3,11,7,6
C,4,6,5,5,4,6,7,4,4,7,6,11,4,9,8,10
H,5,6,6,8,3,7,8,15,0,7,5,8,3,8,0,8
I,5,13,4,7,2,9,7,5,4,12,3,6,3,8,5,10
K,5,7,7,5,5,8,7,1,6,10,5,9,3,8,2,9
Y,6,9,8,7,7,9,3,7,5,7,9,7,3,8,8,3
Y,3,4,4,3,2,4,11,2,7,11,10,5,1,11,2,5
H,4,7,6,10,6,8,12,5,2,9,7,5,4,11,8,4
I,0,3,0,4,0,7,7,4,4,7,6,8,0,8,0,8
I,6,12,6,7,4,9,8,2,5,11,5,6,3,9,6,11
C,3,8,4,6,3,5,7,6,8,5,6,12,1,7,4,10
I,2,10,3,7,2,9,7,0,7,13,5,8,0,8,1,8
D,5,10,6,8,6,5,7,9,7,7,6,6,2,8,3,8
O,4,9,5,7,2,7,7,9,8,7,5,8,3,8,4,8
G,3,7,4,5,2,7,7,8,7,5,6,10,2,7,5,10
I,0,0,0,0,0,7,7,4,4,7,6,8,0,8,0,8
Y,7,6,6,9,3,6,12,2,3,10,10,6,4,11,5,7
D,5,9,5,5,3,5,8,4,6,9,6,6,4,10,6,5
Y,2,1,3,1,0,7,11,3,1,7,12,8,1,11,0,8
K,1,0,1,1,0,5,7,7,1,7,6,11,2,8,2,11
Y,2,7,4,5,2,5,9,1,6,9,12,9,1,11,2,7
K,6,10,8,8,6,5,6,1,7,10,8,10,3,8,4,8
K,6,8,8,6,4,8,7,2,7,10,3,8,4,7,4,9
K,6,9,9,6,7,9,6,1,7,10,3,8,3,7,3,9
Y,3,8,5,5,1,6,12,2,3,9,12,7,1,10,0,8
Y,9,12,8,7,5,6,6,5,4,9,9,6,5,11,4,6
O,9,13,6,7,4,6,6,7,4,10,7,9,5,9,5,8
I,4,7,6,8,5,8,8,5,6,7,7,7,4,8,9,9
I,0,6,0,4,0,7,7,4,4,7,6,8,0,8,0,8
O,5,9,7,8,6,6,6,5,5,7,4,7,4,8,6,7
H,6,11,6,8,6,8,5,14,2,7,9,8,3,9,0,8
G,4,5,5,8,2,8,6,9,8,6,6,12,2,8,5,10
G,3,7,5,5,5,9,7,5,2,7,6,10,5,9,4,10
I,1,9,0,6,1,7,7,5,3,7,6,8,0,8,0,8
G,2,3,3,2,1,7,6,5,4,6,6,9,2,9,4,9
I,2,7,3,5,3,9,6,1,4,8,5,5,3,8,5,7
I,2,10,3,8,4,7,7,0,7,7,6,8,0,8,3,8
G,3,7,4,5,3,7,7,7,6,6,6,9,1,8,5,11
D,2,1,2,2,1,6,7,8,7,6,6,6,2,8,3,8
K,1,1,1,1,0,4,7,6,3,7,6,11,3,8,2,11
B,4,4,5,6,4,6,7,9,7,7,6,7,2,8,9,9
E,2,7,4,5,3,6,7,7,9,8,8,9,2,9,6,8
H,3,5,6,4,4,8,8,3,6,10,6,8,3,8,3,8
O,3,6,4,4,3,7,8,6,4,9,7,8,3,8,3,8
D,2,3,2,2,1,7,7,6,6,7,6,4,2,8,3,6
I,5,12,4,6,3,10,6,3,5,13,3,6,2,8,5,10
Y,5,7,6,5,3,4,9,1,8,10,10,6,1,10,3,4
O,5,8,5,6,4,7,7,8,5,10,7,8,3,8,4,8
Y,4,8,6,6,3,5,10,2,8,10,12,9,1,11,2,7
Y,6,8,6,6,3,4,10,2,8,9,10,5,2,12,4,3
G,7,11,9,8,11,8,5,4,3,6,5,10,8,7,9,13
H,4,7,6,5,4,8,8,3,6,10,5,7,3,8,3,7
D,4,6,5,4,4,8,7,5,5,10,5,5,3,8,3,8
H,3,2,4,3,3,7,8,6,6,7,6,8,3,8,3,7
D,1,0,2,0,0,6,7,7,6,7,6,6,2,8,3,8
C,7,13,5,7,2,6,9,6,8,11,8,9,2,8,5,9
H,4,5,5,6,5,8,4,3,2,7,4,7,3,7,5,8
I,1,2,1,3,1,7,7,1,7,7,6,9,0,8,3,8
Y,5,6,6,8,9,9,8,6,3,7,7,8,6,10,7,4
L,5,11,6,8,5,8,4,0,8,9,2,11,2,5,4,9
O,4,9,5,6,3,7,5,9,8,6,4,7,3,8,4,8
K,4,10,4,8,4,3,7,6,3,6,5,11,3,8,2,11
K,3,6,4,4,2,3,7,6,3,7,6,11,3,8,3,11
D,4,9,6,6,5,7,8,7,5,8,7,6,3,8,3,7
O,5,9,6,7,5,7,7,8,7,7,6,7,2,8,3,8
D,5,6,6,6,5,6,6,5,7,7,6,8,4,6,6,5
C,6,10,6,8,4,4,7,6,6,13,10,12,2,11,3,7
O,4,7,6,5,4,7,9,8,5,6,8,10,3,8,3,8
I,1,6,0,4,0,7,7,4,4,7,6,8,0,8,0,8
I,1,5,0,7,0,7,7,4,4,7,6,8,0,8,0,8
L,3,8,4,6,3,5,5,2,8,6,2,10,0,7,3,7
Y,6,8,6,6,3,4,10,1,8,11,10,6,2,11,4,3
J,3,7,4,5,2,9,4,5,4,14,6,12,0,6,1,7
O,5,9,6,6,3,7,7,8,8,7,6,8,3,8,4,8
Y,9,13,8,7,4,6,7,5,4,10,9,5,4,10,4,5
I,5,8,7,6,3,9,4,3,6,6,7,4,1,10,4,7
Y,4,10,6,8,4,5,9,0,7,8,12,9,1,11,2,7
I,2,7,3,5,2,7,9,0,6,13,6,7,0,8,1,7
D,3,7,4,5,2,5,7,10,8,7,6,5,3,8,4,8
I,3,9,4,6,2,5,8,0,8,14,7,8,0,8,1,7
Y,2,1,3,2,1,9,10,1,6,5,11,7,1,11,2,8
L,1,0,2,1,0,2,1,5,5,0,2,5,0,8,0,8
I,1,9,1,7,2,8,7,0,8,7,6,7,0,8,3,7
K,4,10,6,8,7,7,7,5,4,7,5,7,4,6,9,14
C,4,8,5,6,5,5,7,4,5,7,7,9,7,9,5,9
D,4,8,6,6,4,6,7,8,7,6,5,4,3,8,4,9
Y,7,7,9,10,9,10,12,6,4,6,7,6,5,10,8,5
D,3,1,4,3,2,7,7,7,7,7,6,5,2,8,3,7
G,4,8,5,6,2,7,6,7,9,6,6,9,2,8,6,11
D,3,6,5,5,5,7,7,4,6,7,4,8,4,7,6,5
L,4,9,4,7,2,0,2,4,6,1,0,7,0,8,0,8
L,2,4,3,6,1,0,1,5,6,0,0,7,0,8,0,8
O,6,10,7,8,6,8,6,8,4,9,5,6,5,8,4,9
O,3,8,4,6,2,7,6,9,7,6,5,7,3,8,4,8
I,2,5,3,3,1,7,7,0,7,13,6,8,0,8,1,7
G,4,6,5,4,3,7,6,6,6,10,6,11,2,10,4,10
G,5,11,7,8,5,5,6,6,7,6,6,8,4,7,4,7
O,6,11,5,6,3,5,8,6,4,10,8,9,5,10,4,8
C,6,8,6,6,3,5,7,6,8,11,8,14,2,10,4,7
H,3,5,4,4,3,7,7,6,6,7,6,8,3,8,3,8
L,3,6,4,4,2,9,3,2,6,9,2,10,1,5,3,9
H,3,3,5,2,2,7,8,3,6,10,7,8,3,8,3,8
H,5,10,6,8,8,8,8,6,6,7,6,6,6,8,3,8
I,2,6,2,4,1,7,8,0,8,14,6,8,0,8,1,7
K,6,8,9,6,4,5,7,3,7,10,9,11,3,8,3,7
I,1,5,1,4,1,7,7,1,7,7,6,9,0,8,3,8
K,4,10,6,8,6,7,6,5,4,6,6,8,4,6,10,11
X,9,15,8,8,4,9,7,2,9,9,5,7,4,11,4,9
L,7,12,7,6,4,6,6,4,6,12,9,11,3,8,7,8
G,6,10,8,8,8,6,6,6,3,6,6,10,5,8,8,7
Y,6,11,9,8,5,6,9,1,7,6,12,9,2,11,2,8
I,1,8,0,6,0,7,7,4,4,7,6,8,0,8,0,8
Y,3,10,5,7,3,7,10,1,7,6,12,8,1,11,2,8
Y,2,4,3,2,1,4,11,2,6,11,10,5,1,11,2,5
Y,7,6,6,9,4,9,6,5,5,5,12,6,4,11,4,6
L,6,11,8,8,5,7,5,0,8,9,3,11,2,6,4,7
D,5,9,6,6,5,9,7,4,5,10,5,6,3,8,3,8
Y,6,8,6,6,4,4,9,1,8,11,10,6,1,10,2,4
D,4,5,6,4,4,5,7,6,7,7,6,8,4,7,5,5
I,2,9,2,7,3,7,7,0,7,7,6,8,0,8,3,8
D,4,8,5,6,4,7,7,8,7,7,6,5,3,8,3,7
Y,3,8,5,6,1,9,10,3,2,5,13,8,1,11,0,8
O,3,4,4,6,2,7,6,9,6,6,5,6,3,8,4,8
H,8,10,8,5,5,8,6,3,5,10,6,7,7,11,5,8
B,6,10,9,8,9,8,7,6,6,9,7,6,6,10,9,10
Y,3,9,4,7,2,6,10,1,3,8,12,8,1,11,0,8
O,6,9,8,8,6,6,5,5,5,9,6,10,5,5,7,4
H,3,5,4,3,3,7,7,6,6,7,6,8,3,8,4,8
G,4,7,6,5,5,7,8,5,3,6,6,11,4,8,7,8
O,4,7,4,5,4,7,8,7,4,9,7,8,3,8,3,8
H,5,10,5,7,3,7,10,15,2,7,3,8,3,8,0,8
L,3,7,5,6,4,6,8,4,6,7,6,9,2,8,8,9
D,8,15,7,8,5,6,7,4,7,8,5,7,6,9,7,5
I,3,8,6,6,5,8,8,4,5,9,6,4,5,10,4,6
X,4,10,7,8,6,6,8,2,6,7,6,10,4,6,7,7
H,2,3,4,2,2,7,7,3,6,10,6,8,3,8,2,7
K,3,3,5,2,2,7,7,2,7,10,5,10,3,8,3,8
B,4,6,4,4,3,7,6,9,7,7,7,7,2,8,8,9
K,7,9,9,7,7,6,7,1,7,9,6,10,4,8,4,8
Y,3,5,5,6,1,9,12,2,3,5,12,8,1,10,0,8
H,5,8,7,6,7,8,7,6,7,7,6,7,3,8,4,7
Y,3,8,6,6,3,9,10,1,6,4,11,8,1,11,2,9
H,6,11,8,8,8,7,8,6,8,8,6,8,9,7,4,8
I,1,2,1,4,1,7,7,1,7,7,6,8,0,8,2,8
D,5,8,6,6,4,8,8,7,7,10,5,4,3,8,4,8
K,5,9,7,7,7,6,6,3,7,6,6,9,7,8,5,9
Y,3,8,5,6,2,7,10,0,3,7,11,8,1,10,0,8
I,2,11,0,8,2,7,7,5,3,7,6,8,0,8,0,8
I,4,7,6,8,6,8,8,5,6,7,5,8,3,9,8,9
H,2,6,3,4,2,7,6,12,2,7,8,8,3,9,0,8
O,2,4,3,3,2,7,8,6,4,9,6,8,2,8,2,7
H,7,9,10,6,8,8,7,3,6,10,5,8,3,8,3,8
K,4,8,6,6,5,8,5,1,6,10,4,9,3,8,4,10
C,5,7,6,5,6,5,6,4,4,7,7,9,5,10,4,8
I,1,3,2,2,0,7,7,1,7,13,6,8,0,8,0,7
K,6,9,9,6,6,5,7,1,7,10,8,10,3,8,4,7
K,1,0,1,0,0,4,6,5,2,7,6,10,2,7,1,10
I,5,11,7,8,4,9,6,2,7,7,6,6,0,9,4,7
J,0,0,1,0,0,12,4,4,3,11,4,10,0,7,0,8
K,2,3,4,2,2,8,7,1,6,10,5,8,3,8,2,8
D,4,6,4,4,3,5,7,9,7,7,6,6,2,8,3,8
O,9,15,6,9,5,4,8,6,4,10,8,9,5,10,5,8
I,4,11,5,8,3,8,6,0,7,13,6,9,2,7,3,8
H,1,0,1,0,0,7,8,10,1,7,6,8,2,8,0,8
H,4,7,5,5,4,6,6,6,4,6,5,8,2,7,6,9
G,3,8,4,6,3,6,6,5,4,5,6,9,2,8,4,8
K,6,11,6,8,3,4,8,9,2,7,5,11,4,8,2,11
Y,1,1,2,1,0,7,10,2,2,7,12,8,1,11,0,8
I,7,14,6,8,4,8,9,3,7,14,4,5,2,8,5,9
D,4,6,5,5,5,7,8,4,7,6,4,8,4,8,5,5
O,6,11,6,9,5,8,6,8,5,10,5,9,4,9,5,6
G,3,6,4,4,2,6,7,5,5,5,7,8,2,8,4,8
D,4,4,5,6,3,6,8,10,9,8,7,6,3,8,4,8
O,3,5,4,4,2,8,6,7,4,9,5,8,2,8,3,8
K,4,11,4,8,2,3,7,8,2,6,5,11,4,8,2,11
B,1,3,3,2,2,8,7,2,4,10,5,7,2,8,3,9
H,4,8,5,6,5,8,7,5,6,7,6,8,6,8,3,7
Y,3,4,4,3,1,4,11,2,7,11,10,5,1,11,2,5
G,3,5,4,4,2,6,7,5,5,9,7,10,2,8,4,9
H,4,5,5,4,4,7,7,6,6,7,6,8,3,8,3,7
Y,6,11,6,8,4,3,9,1,7,10,10,6,1,11,3,4
K,5,9,7,6,6,5,7,1,6,9,8,10,4,7,3,8
Y,2,9,4,6,1,7,10,1,3,7,12,8,1,11,0,8
I,2,5,0,7,0,7,7,4,4,7,6,8,0,8,0,8
H,4,4,5,6,2,7,6,15,1,7,7,8,3,8,0,8
G,5,11,6,8,4,6,7,7,7,11,7,11,2,10,4,9
Y,3,8,5,6,2,8,10,1,7,5,12,8,1,11,2,8
Y,3,6,4,4,1,8,11,2,2,5,12,8,1,11,0,8
Y,5,7,7,10,10,8,8,4,2,7,8,9,4,11,9,8
G,4,6,5,4,3,6,7,6,6,9,8,9,2,8,4,9
O,4,8,6,6,5,7,7,8,4,7,5,8,3,8,3,8
D,4,7,6,6,5,5,7,7,7,7,6,7,4,6,5,6
D,7,11,7,6,4,10,4,5,6,12,3,9,5,6,5,10
Y,5,9,5,6,3,3,11,3,7,12,11,6,1,10,2,5
K,2,6,3,4,1,3,7,7,2,7,6,11,3,8,2,11
Y,2,5,4,4,2,7,10,1,7,7,11,8,1,11,2,8
O,3,8,4,6,3,8,8,7,5,7,6,9,2,8,3,8
G,4,5,5,8,3,7,6,8,8,6,6,10,1,8,6,11
H,3,6,3,4,1,7,8,14,1,7,5,8,3,8,0,8
H,5,4,5,6,2,7,7,15,0,7,6,8,3,8,0,8
O,5,9,6,7,4,7,8,8,6,7,8,8,3,7,4,9
H,3,8,4,6,4,7,8,12,1,7,5,8,3,8,0,8
O,10,13,7,8,4,7,7,5,5,8,4,7,5,9,6,8
I,7,12,5,6,2,10,5,6,4,13,3,8,3,8,5,10
I,1,5,3,4,1,7,7,0,7,13,6,8,0,8,1,8
K,7,10,9,8,9,8,8,6,5,8,5,6,5,7,8,11
O,4,11,5,8,3,8,8,9,7,7,8,8,3,8,4,8
K,8,12,9,6,5,10,5,4,6,11,2,7,5,8,4,10
K,9,13,9,7,5,10,6,2,6,11,4,7,6,11,3,9
G,4,9,4,6,3,6,7,7,6,10,8,10,2,9,4,9
G,2,4,3,6,2,7,7,8,6,5,7,9,2,7,5,11
O,4,6,6,5,4,7,5,5,4,8,4,7,3,7,4,8
I,5,12,4,6,2,11,5,3,6,12,3,7,2,9,4,11
K,6,9,5,4,2,6,8,3,6,9,9,10,5,10,3,6
C,4,7,5,5,2,6,8,6,10,6,7,12,1,7,4,8
D,5,10,8,8,11,9,9,5,5,7,6,6,5,8,11,6
I,2,9,3,7,2,8,7,0,7,13,6,9,0,8,1,8
Y,5,7,6,5,3,5,9,2,9,9,10,4,1,11,4,4
G,2,1,3,2,1,6,6,5,5,6,6,9,2,9,4,8
L,3,8,5,6,3,7,4,0,7,8,3,10,0,7,2,8
H,4,8,5,6,5,7,10,8,5,8,5,6,3,6,7,11
O,3,2,4,3,3,7,7,7,5,7,6,8,2,8,3,8
C,5,9,6,8,7,5,6,4,5,7,6,11,6,10,9,10
D,4,8,5,6,4,7,8,7,8,8,7,5,3,8,3,7
I,1,1,1,2,1,7,7,1,7,7,6,8,0,8,2,8
O,3,7,4,5,3,6,7,7,4,7,6,10,4,8,3,8
O,5,9,6,7,4,8,6,8,5,10,5,9,3,8,3,8
H,4,7,5,4,2,7,7,14,0,7,6,8,3,8,0,8
I,1,7,0,5,1,7,7,5,3,7,6,8,0,8,0,8
G,7,12,6,6,4,6,7,7,5,9,7,6,4,8,5,6
L,3,10,3,7,1,0,1,5,6,0,0,7,0,8,0,8
L,3,9,5,7,2,7,3,2,8,7,2,9,1,6,2,8
D,3,8,4,6,2,5,6,10,8,5,5,5,3,8,4,8
I,0,6,0,4,0,7,7,5,3,7,6,8,0,8,0,8
I,0,4,0,6,0,7,7,4,4,7,6,8,0,8,0,8
Y,5,11,7,8,4,7,10,2,7,6,12,8,2,11,2,8
H,5,5,6,6,3,7,6,15,0,7,8,8,3,8,0,8
D,5,11,7,8,11,8,8,5,5,7,6,6,7,8,8,6
Y,5,10,6,7,6,9,6,6,4,7,8,7,6,9,8,3
C,4,8,6,6,6,7,7,4,4,6,7,10,7,9,5,7
L,5,9,7,8,6,7,7,4,5,7,7,8,3,8,8,9
D,4,8,5,6,4,7,7,7,8,6,5,5,3,8,3,7
Y,2,4,3,3,1,6,10,1,6,8,11,8,1,11,2,7
I,3,7,4,5,2,8,6,0,7,13,6,9,0,7,2,8
D,3,6,4,4,4,7,7,4,7,7,6,6,3,8,3,7
D,2,5,4,4,3,8,7,5,6,9,5,5,3,8,4,8
O,6,11,7,8,5,7,6,9,6,7,5,9,4,8,5,5
D,3,6,4,4,4,8,7,5,8,7,7,5,3,8,3,7
K,6,9,6,5,4,5,8,3,5,10,9,11,5,9,3,6
H,5,6,7,4,5,9,6,3,6,10,4,7,3,8,3,9
Y,2,3,3,1,1,4,10,2,7,11,10,5,0,10,2,4
K,6,11,7,6,4,4,9,3,6,10,10,11,5,8,3,6
H,5,10,7,8,8,7,7,6,6,7,6,9,3,8,4,8
H,7,10,10,8,9,7,8,3,6,10,6,7,3,8,3,8
G,3,6,4,4,2,6,8,5,5,9,7,10,2,8,4,9
D,6,10,6,6,3,11,3,4,5,12,2,8,5,7,4,10
H,8,14,7,8,4,8,8,4,6,8,5,6,6,8,5,8
Y,5,10,8,7,4,8,10,1,8,5,12,8,1,11,2,8
H,4,10,6,7,10,8,8,5,2,6,6,7,8,9,10,8
O,3,5,4,4,3,8,7,7,5,9,6,8,2,8,3,8
H,5,9,7,6,6,4,9,3,6,10,10,9,4,9,4,5
Y,4,10,7,7,1,7,10,3,2,7,13,8,2,11,0,8
I,1,4,0,6,0,7,7,4,4,7,6,8,0,8,0,8
Y,4,11,6,8,1,6,10,2,2,7,13,8,1,11,0,8
K,2,6,3,4,1,4,8,8,2,7,4,11,3,8,2,10
G,3,4,4,6,2,7,5,7,7,5,5,10,1,8,6,11
O,4,10,6,8,4,8,6,9,5,7,4,8,3,8,3,7
G,5,10,6,7,3,8,7,8,8,6,7,9,2,7,5,10
K,4,2,5,3,3,5,7,4,8,7,6,11,3,8,5,9
K,10,14,9,8,4,8,7,3,7,9,5,7,6,10,4,7
D,3,6,4,4,3,9,7,4,5,10,4,5,3,8,2,8
I,2,4,3,3,1,7,7,0,7,13,6,8,0,8,1,7
G,7,9,7,7,5,5,7,6,6,10,8,11,2,9,4,10
H,5,6,7,4,4,8,8,3,6,10,5,7,3,8,3,8
O,3,7,4,5,3,7,8,7,4,8,7,10,3,8,3,9
G,6,11,5,6,4,8,5,4,3,9,6,9,4,9,8,8
I,5,15,5,8,3,10,6,2,5,11,4,6,2,9,5,12
K,5,9,7,7,9,8,7,3,4,6,7,8,10,8,8,7
Y,5,8,5,6,2,3,11,2,7,12,11,6,0,10,2,5
K,6,10,8,7,6,6,6,1,7,10,6,10,4,8,4,8
Y,1,0,2,0,0,7,9,2,2,6,12,8,1,10,0,8
K,4,7,5,5,6,7,9,5,4,8,5,8,4,6,6,10
K,4,8,6,7,5,9,6,2,3,8,3,8,5,7,6,11
D,3,5,5,4,3,9,7,5,7,9,5,5,3,7,4,8
K,7,12,6,6,3,7,8,2,7,9,7,8,5,8,3,7
Y,3,10,5,7,1,10,10,3,2,5,13,8,2,11,0,8
G,2,0,2,1,1,8,6,6,6,6,5,9,1,7,5,10
Y,4,7,6,10,10,8,5,4,2,8,8,9,5,9,6,8
Y,4,5,5,4,2,4,12,3,6,12,10,4,1,11,2,5
O,3,4,4,3,2,7,7,7,4,9,6,8,3,8,3,8
Y,3,5,5,4,2,4,10,1,8,10,10,5,3,11,5,3
D,7,9,9,8,9,6,7,5,7,6,3,7,5,10,9,5
O,3,7,4,5,3,7,8,7,5,10,8,7,3,8,3,8
K,4,8,6,6,5,3,8,2,6,10,10,11,3,8,3,6
G,7,13,6,7,3,9,6,5,6,11,4,8,5,7,5,8
Y,2,3,2,2,1,4,11,3,6,11,10,4,1,11,2,5
G,5,10,6,7,4,6,7,7,7,10,7,11,2,9,5,9
I,2,6,4,4,3,11,6,1,5,9,4,5,1,8,5,9
H,4,5,7,4,4,8,8,3,6,10,6,8,3,8,3,8
H,6,7,8,5,5,7,7,3,7,10,7,9,3,8,3,7
H,3,5,5,4,3,9,6,3,6,10,4,8,3,8,3,9
Y,4,10,7,8,3,4,10,2,8,10,12,9,1,10,2,7
L,5,10,5,7,2,0,1,5,6,0,0,7,0,8,0,8
K,3,5,5,4,3,5,8,1,6,10,8,10,3,8,3,8
K,3,5,5,4,3,8,7,2,7,10,4,9,5,10,4,9
H,4,8,6,10,7,8,4,4,2,7,4,6,5,7,8,8
Y,4,9,4,4,2,6,8,3,4,10,7,5,3,10,4,3
H,6,10,6,6,4,5,8,3,4,10,9,9,6,10,5,8
K,5,7,7,6,7,7,9,3,5,7,3,9,6,2,7,10
O,7,14,5,8,4,5,8,7,4,10,8,9,5,10,5,8
K,4,10,6,7,8,9,7,3,4,5,6,8,7,9,7,6
Y,2,0,2,0,0,7,10,3,1,7,12,8,1,11,0,8
I,3,11,4,8,2,7,7,0,8,14,6,8,0,8,1,8
H,3,6,4,4,2,7,6,14,1,7,7,8,3,8,0,8
Y,6,8,8,11,12,8,9,4,2,7,8,9,4,11,9,8
Y,4,8,6,6,6,9,4,7,4,7,9,7,3,9,8,4
H,3,7,4,5,4,8,7,5,6,7,6,9,3,8,3,8
I,5,10,6,8,4,6,6,2,7,7,6,10,0,9,4,8
I,4,6,5,7,5,8,9,4,5,8,7,8,4,7,8,7
H,7,9,10,7,7,9,7,3,7,10,4,7,5,8,5,9
L,2,4,4,3,2,7,3,2,7,8,2,10,0,7,2,8
O,7,11,8,8,6,8,6,8,6,10,4,8,4,9,5,6
H,8,13,8,7,6,9,6,4,5,11,3,7,7,8,5,8
Y,4,5,5,4,2,4,11,3,6,12,11,5,1,11,2,5
D,4,7,6,5,4,9,7,4,6,10,5,5,3,8,3,8
K,4,8,4,6,2,3,7,8,2,7,6,11,4,8,2,11
I,4,11,5,8,3,7,7,0,7,13,6,8,0,8,1,8
Y,7,9,5,13,4,5,11,2,4,11,10,6,4,11,6,7
H,3,4,6,3,3,9,7,3,6,10,3,7,4,6,4,8
H,3,4,5,3,3,6,9,3,6,10,8,8,3,8,3,7
H,1,0,2,0,0,7,7,11,1,7,6,8,2,8,0,8
L,2,3,2,4,1,0,1,5,6,0,0,6,0,8,0,8
Y,4,7,6,9,7,9,10,7,4,7,7,6,5,11,6,3
K,5,7,8,5,5,3,8,2,7,10,11,11,3,7,3,5
G,3,6,4,4,2,7,7,7,7,7,5,12,2,9,4,9
K,8,10,8,5,3,10,7,4,7,8,1,5,5,7,4,9
H,3,9,4,6,4,7,7,12,1,7,6,8,3,8,0,8
I,6,10,8,7,5,7,6,2,8,7,6,8,0,9,4,8
Y,6,9,6,7,4,5,9,0,8,8,9,5,1,11,4,5
H,5,5,7,7,6,7,5,4,2,7,5,6,5,8,8,8
Y,5,9,5,6,2,3,11,3,6,12,11,5,1,11,2,5
O,4,6,5,4,2,7,7,8,8,7,6,8,3,8,4,8
Y,5,8,5,6,4,4,9,1,6,9,10,7,3,11,4,4
Y,7,9,8,6,5,5,9,1,8,9,10,5,3,11,4,4
H,1,0,1,0,0,7,8,10,1,7,6,8,2,8,0,8
K,6,9,9,6,5,5,7,2,8,10,9,11,4,7,4,7
C,5,8,5,6,3,4,8,6,7,12,10,11,1,9,2,7
G,2,3,4,2,2,7,6,6,5,6,6,9,2,9,4,9
B,1,0,2,0,1,7,7,6,4,6,6,7,1,8,6,8
H,5,8,5,6,4,7,8,13,1,7,5,8,3,8,0,8
O,6,9,8,8,7,6,6,5,4,6,3,6,4,9,7,7
H,4,11,5,8,3,7,7,15,1,7,7,8,3,8,0,8
Y,2,8,4,5,1,9,10,2,3,6,12,8,1,11,0,8
C,2,5,3,4,2,6,9,7,8,9,8,13,1,10,4,10
G,5,7,6,5,4,5,7,5,6,9,8,9,2,9,5,9
H,4,5,6,3,3,8,8,3,6,10,6,8,3,8,3,8
I,1,7,2,5,1,7,7,0,7,13,6,8,0,8,1,8
H,3,7,5,5,4,8,7,6,6,7,6,9,6,8,3,8
G,2,3,3,1,2,7,7,6,6,6,6,9,2,9,4,9
K,4,9,5,7,7,6,7,3,3,6,5,9,6,8,8,7
O,5,8,5,6,5,8,7,7,4,9,5,8,3,8,3,8
Y,2,3,4,5,1,8,10,2,3,6,12,8,1,11,0,8
K,4,7,6,5,4,5,7,5,8,7,6,12,3,8,5,10
Y,5,11,7,8,7,8,7,5,4,7,7,8,6,8,8,3
I,7,13,6,8,3,10,7,2,5,11,5,6,2,10,5,11
I,4,5,5,6,4,8,9,5,5,7,6,8,3,8,9,8
D,2,4,4,3,3,9,6,4,6,10,4,6,2,8,3,8
O,2,0,2,1,0,7,7,6,5,7,6,8,2,8,3,8
I,5,8,6,9,6,8,9,5,6,6,6,7,3,9,9,8
K,5,7,8,5,4,7,6,2,7,10,5,10,4,7,5,9
H,4,7,6,5,4,9,7,7,6,7,6,5,3,8,3,6
H,7,9,10,7,6,9,6,3,6,10,5,7,3,8,3,8
I,1,3,2,2,0,7,7,1,7,13,6,8,0,8,0,7
D,4,6,5,4,7,8,8,5,5,7,6,6,6,6,7,6
Y,7,9,7,7,3,3,10,4,7,12,12,6,2,11,2,6
O,2,2,3,3,2,7,7,8,4,7,7,8,2,8,3,8
G,7,9,6,5,3,10,5,4,5,11,3,7,4,7,5,9
I,1,9,0,6,0,7,7,4,4,7,6,8,0,8,0,8
H,4,7,6,5,4,9,8,3,7,10,4,7,3,8,3,9
I,3,10,4,8,3,7,7,0,7,13,6,8,0,8,1,8
H,3,3,5,2,2,5,9,3,5,10,9,8,3,9,3,6
G,3,6,4,4,2,6,6,5,7,7,5,10,2,10,4,8
I,7,8,9,9,8,7,8,4,5,7,7,7,4,7,10,10
O,3,6,4,4,2,8,7,7,4,10,5,8,3,8,3,7
C,1,0,1,1,0,6,7,6,8,7,6,14,0,8,4,10
K,3,7,4,5,3,6,7,4,7,6,6,9,3,8,5,9
Y,5,11,6,8,3,7,10,1,3,7,12,8,1,11,0,8
I,2,6,3,4,1,7,7,1,8,14,6,8,0,8,1,8
D,8,14,7,8,6,7,7,4,7,10,6,7,6,7,8,4
Y,4,7,6,9,7,10,9,5,2,6,7,8,7,11,7,5
I,3,11,4,8,3,9,7,0,7,13,5,8,0,8,1,8
O,4,7,4,5,3,9,6,7,5,10,4,10,3,8,3,8
Y,7,9,7,7,5,6,8,1,8,8,9,5,4,11,6,4
L,3,6,4,5,4,9,7,4,6,6,6,9,2,8,7,10
G,3,7,4,5,3,6,5,5,6,6,6,9,2,9,3,7
O,3,6,4,4,2,7,7,7,5,10,6,9,3,8,3,8
L,2,6,2,4,1,0,1,5,6,0,0,6,0,8,0,8
I,1,8,1,6,1,7,7,0,8,7,6,8,0,8,3,8
K,4,9,6,7,8,7,7,3,4,6,6,8,7,8,8,7
I,7,13,6,7,3,12,5,2,6,12,3,6,2,10,4,12
D,2,3,3,1,1,8,7,4,5,10,4,5,2,8,2,8
H,2,2,3,3,3,6,7,5,6,7,6,8,3,8,3,8
C,3,5,4,4,1,3,9,5,7,12,10,11,1,9,2,7
I,2,8,3,6,2,7,7,0,7,12,6,8,0,8,1,8
Y,7,10,7,7,3,4,10,2,8,11,11,6,1,10,3,3
I,2,7,3,5,2,7,7,0,6,13,6,8,0,8,1,8
H,4,7,6,5,5,7,8,5,6,8,6,8,6,7,5,9
Y,7,11,7,8,4,3,10,2,7,10,12,6,1,11,2,5
H,2,1,3,2,2,7,8,6,6,7,6,9,3,8,3,8
G,4,8,5,6,3,6,6,7,7,10,7,11,2,11,4,9
I,6,15,4,8,3,12,4,3,6,11,2,7,3,8,3,12
O,7,11,9,8,6,7,7,9,5,6,7,11,5,8,5,7
O,4,9,5,7,4,7,6,9,5,7,5,8,3,8,3,8
H,8,13,8,8,5,6,9,4,5,9,8,9,6,8,6,8
Y,2,1,4,3,2,8,11,1,7,5,11,8,1,11,2,8
I,1,7,1,5,2,8,7,0,7,7,6,7,0,8,2,7
K,3,4,4,2,2,5,7,4,7,7,6,10,6,8,4,9
I,2,6,4,4,2,7,7,0,8,13,6,8,0,8,1,7
Y,3,5,4,4,2,4,11,2,7,11,10,6,1,11,2,5
G,6,11,8,8,5,5,7,5,5,5,7,7,3,6,4,7
I,1,10,0,8,1,7,7,5,3,7,6,8,0,8,0,8
Y,4,4,5,6,7,8,8,3,2,7,8,9,4,11,7,7
H,8,11,11,8,7,7,6,3,7,10,5,8,5,6,5,7
I,2,6,3,4,2,8,6,0,7,13,6,9,0,7,2,8
Y,8,11,8,8,4,2,11,4,5,13,13,8,1,11,2,6
Y,5,7,6,5,5,8,5,6,5,5,8,8,3,9,9,6
H,5,8,7,6,7,7,7,6,6,7,6,8,3,8,3,7
I,1,11,0,8,1,7,7,5,3,7,6,8,0,8,0,8
C,2,6,3,4,2,6,8,8,8,8,8,14,1,9,4,9
I,0,1,0,1,0,7,7,4,4,7,6,8,0,8,0,8
H,3,7,4,5,5,7,5,4,4,6,5,8,4,8,5,7
Y,2,5,4,4,2,8,11,1,7,6,11,8,1,11,2,9
H,2,3,3,2,2,7,7,5,5,7,6,8,3,8,2,8
Y,5,9,8,6,4,6,9,1,7,7,12,9,1,11,2,8
O,5,10,7,7,8,9,7,6,1,7,7,9,10,9,4,6
G,6,9,8,7,8,7,10,6,3,5,5,11,5,7,8,7
K,4,5,4,7,2,3,7,7,2,7,5,11,3,8,3,10
I,1,10,2,8,2,7,7,0,8,7,6,8,0,8,3,8
H,8,11,11,9,7,8,6,3,6,10,5,8,3,8,3,8
H,6,11,6,8,6,7,8,14,1,7,5,8,3,8,0,8
O,6,11,7,9,3,7,8,9,8,7,7,6,3,8,4,8
H,2,4,4,3,3,7,7,3,5,10,6,8,3,8,3,8
K,1,0,1,0,0,5,7,7,0,7,6,10,2,8,2,11
I,5,10,6,8,4,7,8,1,7,7,6,8,0,8,4,8
K,2,3,4,2,2,6,7,2,6,10,7,10,3,8,2,8
G,1,0,2,0,1,8,7,5,5,6,6,9,1,7,5,10
O,4,6,5,4,6,8,6,6,2,7,6,8,7,9,3,8
O,5,10,6,8,4,8,7,8,5,10,6,8,3,8,3,8
O,4,7,5,5,3,7,8,8,5,7,7,9,3,8,3,8
Y,4,5,5,4,2,4,11,2,7,11,10,6,1,11,2,5
Y,8,6,6,9,4,7,8,4,3,6,11,5,4,11,6,6
I,0,0,0,0,0,7,7,4,4,7,6,8,0,8,0,8
H,5,7,8,5,6,5,9,3,6,10,8,8,3,8,3,6
L,1,0,2,1,0,2,1,6,4,0,3,4,0,8,0,8
H,6,11,8,8,8,6,6,8,4,6,4,8,4,6,8,11
L,5,11,4,6,2,5,5,3,7,9,4,12,2,6,5,7
H,8,11,11,8,6,10,6,4,7,11,1,7,6,8,5,10
Y,3,3,4,2,1,4,11,2,7,11,10,5,1,11,2,5
I,4,10,7,8,8,10,8,1,6,9,5,5,3,8,7,6
I,1,3,2,2,0,7,7,1,7,13,6,8,0,8,1,8
K,4,10,6,8,7,5,5,5,3,6,6,9,3,5,8,9
I,0,1,0,1,0,7,7,4,4,7,6,8,0,8,0,8
O,8,15,5,8,3,7,9,6,6,9,6,6,4,10,5,9
H,5,8,8,6,5,5,9,4,6,10,10,9,4,9,4,6
Y,5,7,7,10,10,7,6,4,2,8,8,9,8,11,9,7
O,4,8,5,6,4,8,7,8,6,7,7,10,3,7,4,7
O,4,8,6,6,4,7,8,8,6,7,7,8,2,8,3,8
C,5,8,5,6,4,6,7,6,6,12,8,11,2,11,4,7
H,6,7,9,10,8,7,11,5,1,8,7,5,4,12,10,4
I,2,10,2,8,2,8,7,0,9,7,6,7,0,8,3,7
O,3,7,4,5,3,8,7,6,4,9,5,8,3,8,3,8
I,0,3,0,4,0,7,7,4,4,7,6,8,0,8,0,8
I,7,14,6,8,4,10,6,4,6,14,3,6,2,8,6,10
K,6,11,8,8,10,7,7,4,5,6,6,9,8,9,8,7
O,4,8,6,6,2,6,7,8,8,7,6,7,3,8,4,8
Y,2,2,4,3,2,7,11,1,7,7,11,8,1,11,2,8
D,4,8,6,6,8,9,7,4,7,7,6,5,5,5,7,7
O,4,8,5,6,3,7,7,8,5,10,7,8,3,8,3,8
Y,5,8,5,6,3,3,10,2,7,11,11,6,1,11,2,5
H,3,7,5,5,4,7,7,5,6,7,6,9,6,8,3,7
I,1,4,2,3,1,7,8,0,6,13,6,8,0,8,0,8
Y,2,3,2,2,1,5,10,1,6,10,9,6,1,11,2,5
H,9,11,12,8,8,5,7,4,7,10,9,10,3,8,4,6
K,3,3,5,2,2,8,6,2,6,10,5,10,3,8,3,9
I,0,6,0,4,0,7,7,4,4,7,6,8,0,8,0,8
Y,1,0,1,0,0,7,10,3,1,7,12,8,1,11,0,8
D,6,11,9,8,8,7,8,6,6,10,7,5,7,9,6,11
H,3,6,5,4,4,5,9,3,5,10,9,9,3,8,3,6
I,3,9,4,7,3,7,7,0,6,13,6,8,0,8,1,8
D,6,11,9,8,8,8,8,5,6,10,6,5,4,8,4,9
Y,3,5,4,4,2,4,11,2,7,11,10,6,1,11,2,5
G,4,7,5,5,2,8,6,7,7,6,6,9,2,8,6,11
G,3,5,5,4,3,6,6,6,6,6,6,9,2,8,4,8
H,8,13,8,7,4,11,7,4,5,9,4,5,6,9,4,8
Y,3,8,5,6,2,5,10,1,3,8,11,8,1,11,0,8
Y,1,0,2,1,0,7,10,2,2,7,12,8,1,11,0,8
C,2,7,3,5,1,5,7,6,8,6,6,12,1,7,4,9
D,3,6,5,4,3,9,7,4,5,11,5,6,3,8,2,8
O,2,3,2,2,1,7,7,7,4,7,6,8,2,8,2,7
O,5,10,6,7,5,8,6,8,7,8,4,10,4,9,5,6
Y,10,10,8,14,6,9,6,5,5,4,12,6,5,10,6,7
I,1,7,0,4,0,7,7,4,4,7,6,8,0,8,0,8
D,1,0,2,1,1,6,7,8,6,7,6,6,2,8,3,8
I,0,0,0,0,0,7,7,4,4,7,6,8,0,8,0,8
C,7,10,8,8,4,4,8,6,9,12,9,13,2,9,3,7
G,4,8,4,6,3,6,6,6,7,11,7,12,2,10,3,10
I,4,9,3,5,2,6,10,2,5,13,6,4,1,9,4,8
Y,4,7,6,5,3,8,10,1,6,4,11,9,2,11,2,8
Y,2,2,3,3,1,7,10,1,7,7,11,8,1,11,2,8
Y,5,5,6,7,6,9,11,5,4,6,7,7,5,10,7,5
K,2,1,2,2,1,6,7,4,8,7,6,11,3,8,5,9
D,2,6,3,4,3,8,7,5,6,6,5,4,3,8,3,7
I,1,3,1,2,0,7,7,1,7,13,6,8,0,8,0,8
O,7,12,5,6,3,5,8,6,4,10,7,9,5,10,5,8
H,7,11,10,8,9,8,7,3,6,10,4,7,4,9,4,9
Y,2,1,2,1,0,8,10,3,1,6,13,8,1,11,0,8
Y,5,6,7,8,1,6,11,3,2,9,12,8,1,11,0,8
H,6,10,9,8,7,6,7,5,5,6,5,8,3,7,7,10
I,1,1,1,2,1,7,7,1,7,7,6,8,0,8,2,8
K,6,9,9,7,5,3,9,3,7,11,12,12,4,7,4,5
O,6,8,8,6,9,7,6,5,2,7,5,7,11,9,7,11
L,5,10,7,8,5,5,5,1,9,6,2,10,3,7,4,5
O,2,2,3,3,2,7,7,8,4,7,6,8,2,8,3,8
G,3,6,4,4,4,7,8,5,3,6,6,9,3,7,6,8
L,3,9,3,7,1,0,1,5,6,0,0,7,0,8,0,8
D,5,11,6,8,5,11,6,3,7,11,2,6,3,8,3,9
H,8,10,11,8,7,9,7,3,6,10,4,7,3,8,4,8
I,0,0,0,0,0,7,7,4,4,7,6,8,0,8,0,8
Y,3,8,6,6,3,7,9,1,6,6,11,8,2,11,2,8
H,4,7,6,5,4,7,8,3,6,10,7,8,3,8,3,8
Y,5,6,5,4,3,4,9,1,7,10,10,6,1,10,2,4
I,1,4,2,3,1,7,7,0,7,13,6,8,0,8,1,8
Y,3,6,5,4,1,8,10,2,2,7,13,8,2,11,0,8
G,4,7,5,5,3,5,8,5,5,9,9,8,2,8,4,9
Y,5,9,5,6,3,3,10,2,6,10,12,7,2,11,2,5
Y,4,11,6,8,1,10,10,2,2,6,13,8,1,11,0,8
K,3,2,3,4,1,3,7,7,2,7,7,11,3,8,3,10
D,6,8,8,6,5,7,9,8,6,9,7,5,5,9,4,9
I,3,8,4,6,2,5,9,0,7,13,7,7,0,8,1,7
I,0,6,0,4,0,7,7,4,4,7,6,8,0,8,0,8
L,6,8,7,7,6,8,7,4,6,7,6,8,3,8,8,11
O,6,10,7,8,7,7,8,9,4,7,7,8,3,7,3,7
D,7,10,7,5,3,10,4,4,5,11,3,8,5,7,5,11
O,2,1,3,2,1,7,7,7,6,7,6,8,2,8,3,8
G,2,4,4,3,2,6,7,6,6,6,6,10,2,8,4,9
Y,4,9,5,6,5,9,4,7,5,8,8,7,5,8,5,5
I,0,1,0,1,0,7,7,4,4,7,6,8,0,8,0,8
I,5,8,6,6,4,7,6,2,7,7,6,8,0,9,4,8
I,0,1,0,1,0,7,7,4,4,7,6,8,0,8,0,8
H,6,9,8,6,7,11,6,3,6,10,3,7,3,7,3,10
H,8,10,11,8,6,7,8,3,7,10,8,8,6,8,5,7
D,3,9,5,6,5,7,8,7,5,8,7,5,3,8,3,7
G,2,4,2,2,1,6,7,5,5,9,7,10,2,8,4,9
H,1,0,1,0,0,7,8,10,2,7,5,8,2,8,0,8
H,6,10,9,8,7,9,7,7,7,7,6,5,3,8,3,6
O,4,9,6,6,7,8,7,5,1,7,6,8,8,8,5,10
O,5,8,7,6,4,8,5,8,5,6,4,5,4,8,4,8
C,3,6,4,4,1,5,8,6,10,6,7,12,1,7,4,8
B,1,0,1,0,1,7,7,6,4,6,6,7,1,8,5,9
G,2,0,2,1,1,8,6,6,5,6,5,9,1,8,5,10
C,10,14,8,8,6,7,8,4,4,9,8,10,4,9,9,11
L,3,8,5,6,6,7,7,3,5,6,7,10,6,11,6,6
K,6,10,8,8,6,6,8,5,7,6,5,10,4,8,5,9
K,3,4,4,3,3,6,7,4,8,7,6,11,3,8,5,10
D,7,11,7,6,4,10,4,6,6,13,4,10,5,7,5,9
I,1,11,0,8,0,7,7,4,4,7,6,8,0,8,0,8
Y,4,9,6,7,2,7,12,1,3,7,11,8,0,10,0,8
D,5,9,7,6,6,8,7,5,6,10,6,5,3,8,4,9
I,1,6,0,4,0,7,7,5,3,7,6,8,0,8,0,8
O,2,1,2,2,1,7,7,7,4,7,6,8,2,8,2,7
G,3,4,4,6,2,7,6,8,7,6,6,9,2,7,5,11
H,4,5,5,4,4,7,7,6,6,7,6,7,3,8,3,6
H,2,2,3,3,3,8,8,6,6,7,6,7,3,8,3,7
H,4,2,5,4,4,9,7,6,6,7,6,6,3,8,3,7
Y,5,9,7,6,4,10,10,1,7,3,11,7,1,11,2,9
Y,7,9,7,7,3,5,9,1,9,9,10,5,1,11,4,3
K,6,9,9,7,10,7,7,4,4,6,6,9,8,8,8,8
Y,2,4,4,6,4,8,11,3,3,5,8,9,2,11,5,6
L,4,9,6,8,5,8,7,4,5,7,6,8,3,8,8,11
I,1,3,0,4,0,7,7,4,4,7,6,8,0,8,0,8
Y,1,3,2,2,1,8,10,1,6,5,10,8,1,11,1,8
D,6,11,6,6,3,11,3,4,5,12,2,8,5,7,3,10
I,1,3,1,2,0,7,7,2,6,7,6,8,0,8,2,8
I,0,0,0,1,0,7,7,4,4,7,6,8,0,8,0,8
L,3,8,3,6,1,0,1,5,6,0,0,6,0,8,0,8
D,2,4,4,3,2,9,6,4,6,10,4,6,2,8,3,8
O,5,10,7,8,5,7,8,9,6,7,7,8,3,8,4,7
K,3,3,3,4,1,3,6,7,3,7,7,11,3,8,2,10
W,9,10,9,7,6,3,11,2,3,9,9,8,8,11,2,6
H,3,7,4,5,4,8,7,6,6,7,6,7,3,8,3,7
K,6,10,8,8,8,6,7,5,3,7,5,8,5,7,10,8
G,3,7,4,5,2,8,7,8,8,6,6,11,1,8,5,10
H,4,2,5,4,4,8,7,6,6,7,6,8,3,8,3,9
Y,7,10,8,8,4,3,11,2,8,11,11,5,1,11,3,4
H,6,9,6,5,4,8,7,3,4,10,5,7,6,9,5,7
I,4,11,6,8,3,7,7,0,8,14,6,8,0,8,1,8
L,2,6,3,4,2,3,4,3,8,2,1,8,0,7,1,6
H,3,7,5,5,5,6,7,6,6,7,6,10,3,8,3,9
K,4,8,6,6,6,7,7,4,4,7,5,7,4,6,9,10
D,9,14,8,8,7,9,6,3,7,10,4,7,6,6,9,7
G,5,5,6,8,3,7,6,8,8,6,5,10,2,8,6,11
K,4,7,6,5,5,5,7,4,7,6,6,11,3,8,5,9
O,3,5,4,3,2,8,7,8,5,7,7,8,2,8,3,8
Y,9,10,7,14,6,6,6,6,4,6,12,6,5,10,6,5
D,2,7,4,5,4,7,7,6,5,7,6,4,3,8,2,7
L,2,4,4,3,2,6,4,1,9,7,2,10,0,7,2,8
I,1,9,0,6,0,7,7,4,4,7,6,8,0,8,0,8
Y,8,10,7,6,4,8,5,3,5,8,7,6,5,9,5,5
H,3,5,5,4,3,7,8,5,7,7,6,8,6,8,3,8
D,1,3,3,2,1,9,7,4,5,10,4,5,2,8,2,8
K,4,11,6,8,5,5,6,5,8,6,7,12,3,8,6,10
I,1,5,1,3,1,7,7,1,7,7,6,8,0,8,3,8
K,3,4,5,3,2,8,6,1,6,10,5,9,3,8,3,9
H,5,11,6,8,3,7,7,15,1,7,7,8,3,8,0,8
O,4,8,5,6,2,8,6,8,7,7,5,8,3,8,4,8
Y,2,6,4,4,2,8,9,1,6,5,11,8,1,11,1,8
L,1,3,2,1,1,6,4,0,6,8,3,10,0,7,1,8
H,3,6,5,4,4,5,9,3,6,10,8,8,3,8,3,6
Y,3,5,4,6,5,9,9,5,3,6,7,8,5,10,7,6
I,4,8,6,9,6,9,8,6,7,7,4,7,3,10,9,9
C,4,7,5,5,3,6,7,6,8,7,6,11,1,9,4,9
I,1,3,0,2,0,7,7,1,7,7,6,8,0,8,2,8
K,4,9,4,6,2,3,7,7,2,7,6,11,3,8,3,10
H,3,5,4,3,3,9,7,6,6,7,6,8,3,8,3,7
Y,3,3,4,1,1,4,10,2,7,10,10,5,1,10,3,4
K,3,1,4,1,2,6,7,4,7,7,6,11,2,8,4,10
D,3,4,5,3,3,8,7,6,6,9,5,6,3,8,4,9
K,4,10,4,7,2,4,8,9,2,6,3,11,4,8,2,11
L,3,7,4,5,3,4,4,4,8,2,1,7,4,6,1,6
O,6,11,9,8,6,8,8,9,5,7,7,5,5,8,4,9
Y,9,8,7,12,5,8,5,5,5,5,12,6,5,10,4,7
L,3,8,4,6,4,5,5,3,8,3,2,7,1,6,2,5
G,4,7,6,5,3,6,6,6,7,6,6,10,3,7,4,8
I,1,3,2,1,0,7,8,1,7,13,6,7,0,8,0,7
H,7,11,10,8,8,9,7,3,6,10,4,7,6,8,5,8
G,5,5,6,8,3,6,6,8,9,6,6,9,1,8,6,11
O,2,0,2,1,0,7,7,6,5,7,6,8,2,8,3,8
D,3,9,5,6,4,6,7,9,6,6,6,5,3,8,3,8
I,0,8,0,5,0,7,7,4,4,7,6,8,0,8,0,8
I,1,9,0,6,0,7,7,4,4,7,6,8,0,8,0,8
I,4,10,5,8,3,7,7,0,8,14,6,8,0,8,1,8
G,2,4,3,3,2,6,7,5,5,9,7,10,2,9,4,9
K,6,10,9,8,5,3,7,3,7,10,11,12,4,7,4,7
G,3,5,4,4,2,7,6,6,5,6,6,9,2,9,4,9
K,4,9,6,6,7,5,6,4,5,7,5,9,7,7,8,10
C,9,15,7,8,5,8,7,5,3,8,8,10,4,9,8,13
G,3,7,4,5,2,8,7,8,7,6,6,9,2,7,5,11
I,1,4,1,2,1,7,7,1,7,7,6,8,0,8,2,8
K,3,7,5,5,5,5,7,4,7,6,5,10,3,8,4,9
G,4,8,5,6,2,8,7,8,8,6,6,9,2,7,6,11
Y,3,3,4,2,1,4,11,2,7,11,10,5,1,11,2,5
O,2,3,3,2,1,8,7,6,3,9,6,8,2,8,2,8
L,4,9,4,7,3,0,2,4,6,1,0,8,0,8,0,8
C,3,7,4,5,2,3,8,5,8,9,9,13,1,8,3,7
D,4,7,4,5,2,6,7,10,9,7,7,6,3,8,4,8
G,7,13,6,7,4,10,6,5,6,11,4,8,5,7,5,9
K,3,4,5,3,2,4,9,2,7,10,9,11,3,8,3,6
K,6,9,5,4,2,8,8,3,7,8,4,7,5,7,3,7
L,0,0,1,0,0,2,2,5,4,1,2,6,0,8,0,8
I,3,9,5,6,5,9,5,3,5,7,6,5,6,6,5,6
G,1,0,2,1,0,8,7,6,5,6,5,9,1,7,5,10
Y,6,11,6,8,3,3,10,2,7,11,12,6,2,11,3,5
G,4,7,6,5,4,6,6,5,5,6,6,7,3,7,4,7
Y,3,5,5,4,2,7,11,1,8,6,11,8,1,11,2,8
X,6,10,9,7,5,7,7,0,8,10,6,8,3,8,3,8
I,1,9,0,6,0,7,7,4,4,7,6,8,0,8,0,8
Y,4,4,6,6,7,9,4,5,3,7,7,8,5,9,4,8
Y,6,11,8,8,8,8,4,6,5,8,7,8,9,7,6,5
K,4,8,5,6,7,8,7,3,4,6,6,8,6,8,7,5
H,4,8,4,5,2,7,5,15,1,7,8,8,3,8,0,8
Y,6,7,8,9,8,10,10,5,3,6,7,8,6,11,8,4
O,5,8,6,6,5,8,7,7,4,10,6,7,3,8,3,8
I,1,3,2,2,1,7,8,1,7,13,6,8,0,8,1,7
I,3,7,5,5,2,8,6,2,7,7,6,7,0,9,4,7
Y,5,7,7,11,10,8,9,3,2,5,8,10,6,13,9,9
K,1,0,1,0,0,5,8,7,0,7,6,10,3,8,2,11
H,4,7,4,5,4,7,9,12,1,7,4,8,3,7,0,8
Y,2,3,3,2,1,8,10,1,6,5,11,9,1,11,1,8
H,5,7,8,5,5,9,7,3,6,10,4,7,5,8,4,9
I,6,11,4,6,2,10,6,5,5,12,3,6,3,8,5,10
Y,4,6,6,9,9,8,4,5,3,7,8,8,7,8,5,8
Y,10,12,8,7,5,6,8,4,5,10,7,4,3,9,5,4
L,3,8,4,6,1,0,1,6,6,0,0,6,0,8,0,8
H,4,9,6,7,7,7,7,5,6,7,6,8,3,8,3,8
C,2,3,3,2,1,4,7,4,6,10,9,13,1,9,2,7
K,4,10,5,8,6,6,6,3,7,6,5,8,7,8,5,9
I,1,9,2,7,2,7,7,0,8,7,6,8,0,8,3,8
Y,4,8,6,6,3,7,10,1,7,5,11,8,1,11,2,8
O,5,9,7,7,5,8,6,8,4,6,4,7,3,9,4,9
I,7,15,6,8,4,9,7,3,6,13,3,5,3,8,6,10
G,4,8,4,6,3,6,7,6,5,9,8,10,2,7,4,9
D,3,6,5,4,4,7,7,6,6,6,5,5,3,8,3,7
C,5,9,6,7,7,5,6,3,4,7,6,11,6,9,3,8
D,4,9,5,6,5,7,7,6,6,7,6,5,3,8,3,7
H,3,1,4,2,3,7,7,6,6,7,6,8,3,8,3,8
O,4,6,4,4,3,8,6,8,6,9,4,7,3,8,3,8
I,0,7,0,4,0,7,7,4,4,7,6,8,0,8,0,8
Y,3,7,5,5,2,7,10,1,2,7,12,8,1,11,0,8
Y,5,8,5,6,3,3,10,2,7,11,11,6,1,11,2,5
I,1,2,1,4,1,7,7,1,7,7,6,9,0,8,3,8
D,3,4,4,3,2,7,7,7,7,7,6,5,2,8,3,7
I,4,8,5,6,3,6,6,2,7,7,6,10,0,9,4,8
Y,4,5,6,7,1,8,10,2,2,6,13,8,1,11,0,8
D,3,7,5,5,3,10,6,4,7,10,3,6,3,8,3,9
I,2,6,4,4,3,10,7,2,4,8,5,5,3,9,5,7
G,5,9,7,6,8,8,8,5,2,6,6,9,7,8,6,11
L,4,8,5,7,5,8,6,4,5,6,7,8,3,9,7,9
D,3,2,4,3,2,8,7,7,7,7,6,4,2,8,3,7
I,2,8,2,6,3,7,7,0,7,7,6,8,0,8,3,8
K,5,7,7,5,5,7,6,1,6,10,5,9,3,7,3,9
G,4,7,4,5,3,5,7,5,4,8,7,11,2,8,4,10
G,5,8,6,7,7,7,9,5,2,7,7,8,6,11,7,8
H,5,9,6,6,6,7,7,5,5,7,5,8,6,6,6,11
I,1,11,0,8,0,7,7,4,4,7,6,8,0,8,0,8
G,3,7,4,5,3,6,6,5,4,6,6,9,2,8,3,8
O,3,7,5,5,3,7,7,8,5,6,5,6,3,8,3,8
O,4,5,6,4,4,6,6,5,5,8,4,7,3,7,4,7
K,5,9,5,7,2,4,7,9,2,7,6,12,3,8,3,11
K,7,12,7,7,5,8,7,2,6,10,4,8,5,8,4,8
C,1,3,2,1,1,6,8,6,6,8,7,13,1,9,3,10
I,5,9,4,5,2,8,8,3,6,13,4,6,1,7,4,9
Y,7,9,7,7,2,3,12,6,6,14,11,5,2,11,2,6
D,1,0,1,1,1,6,7,8,6,7,6,6,2,8,3,8
K,3,9,4,6,2,3,7,7,2,7,6,11,3,8,3,10
Y,4,8,5,6,2,5,10,2,2,8,12,8,2,11,0,8
K,2,1,2,2,2,5,7,4,6,7,6,10,3,8,3,10
I,1,8,1,6,2,7,7,0,7,7,6,8,0,8,3,8
X,4,11,5,8,2,7,7,5,4,7,6,8,3,8,4,8
Y,5,9,5,7,3,4,9,1,7,9,10,6,1,10,3,4
I,3,9,4,6,2,7,7,0,8,14,6,9,0,8,1,8
Y,8,10,8,7,4,3,10,3,7,11,12,6,1,11,3,5
C,4,7,5,5,5,5,7,4,4,7,6,10,6,9,5,9
I,1,3,2,2,1,7,8,1,7,13,6,8,0,8,1,7
Y,7,9,6,13,5,5,7,5,3,7,11,6,4,10,5,6
Y,3,9,5,7,3,9,10,1,6,4,11,8,2,12,2,8
H,4,4,5,6,2,7,8,15,1,7,5,8,3,8,0,8
K,4,6,6,4,6,7,6,5,4,6,6,8,6,6,7,12
C,8,14,6,8,3,6,9,6,9,11,8,10,2,8,5,8
I,1,10,0,7,0,7,7,4,4,7,6,8,0,8,0,8
L,4,7,5,5,4,7,6,8,6,5,6,8,3,7,5,11
O,6,11,7,9,5,8,7,9,6,7,5,10,4,8,5,5
Y,4,9,7,7,3,6,10,2,8,7,12,8,1,11,2,8
K,4,10,6,8,6,5,7,4,7,6,6,11,3,8,6,9
Y,5,6,8,9,10,8,8,4,2,7,8,9,6,12,8,8
O,4,8,5,6,2,7,7,8,7,7,6,8,3,8,4,8
D,4,8,6,7,5,5,6,6,7,8,6,8,4,5,6,5
O,2,2,3,3,2,8,7,7,4,7,6,9,2,8,3,8
K,3,8,5,6,3,5,7,5,7,6,6,11,3,8,5,9
O,4,4,5,6,2,8,8,9,8,5,8,10,3,8,4,8
L,4,4,4,6,1,0,0,6,6,0,1,5,0,8,0,8
O,5,11,6,8,9,8,10,5,2,7,7,8,8,9,5,10
D,5,10,5,5,4,7,7,4,6,8,5,7,5,10,6,6
I,0,0,0,0,0,7,7,4,4,7,6,8,0,8,0,8
I,1,6,2,4,2,7,7,1,8,7,6,9,0,8,3,8
Y,8,10,6,14,5,9,8,4,3,5,11,5,5,10,7,7
Y,8,14,6,8,4,7,8,4,4,9,8,5,4,10,4,4
Y,1,3,3,2,1,7,10,1,6,7,11,8,1,11,1,8
C,3,5,4,3,1,4,9,5,7,12,10,11,1,9,2,7
Y,5,7,5,5,2,3,10,2,7,11,11,6,1,11,2,5
D,5,9,5,4,3,7,7,4,6,10,6,7,5,9,6,5
I,5,6,6,4,3,7,6,2,7,7,6,9,0,9,4,8
H,3,5,5,3,3,7,8,6,7,7,5,8,3,8,3,8
I,4,10,5,8,2,7,6,0,9,14,6,9,0,8,1,8
Y,6,11,9,8,5,9,10,0,8,4,11,7,1,10,2,9
O,5,10,6,8,5,7,8,9,6,8,8,6,4,8,5,10
I,6,7,8,8,7,9,8,5,5,7,5,9,3,8,9,7
G,3,6,4,4,3,6,7,5,5,10,8,10,2,9,4,9
Y,2,3,4,4,1,9,10,3,2,5,13,8,2,11,0,8
O,6,10,7,8,5,8,7,8,6,10,5,9,4,9,5,6
D,4,7,6,6,6,7,8,5,6,6,4,7,4,7,7,5
I,0,0,0,1,0,7,7,4,4,7,6,8,0,8,0,8
O,7,10,7,8,7,7,8,8,4,10,7,8,3,8,3,8
Y,5,9,6,6,3,2,11,4,5,12,12,7,1,11,2,6
I,1,4,3,2,1,7,7,1,8,14,6,8,0,8,1,8
I,3,9,4,6,3,7,7,0,7,13,6,8,0,8,1,8
D,5,10,7,8,6,6,7,8,7,7,7,5,4,7,4,9
K,3,4,6,3,3,6,7,2,7,10,7,10,3,8,3,7
C,6,11,7,8,5,5,7,7,9,8,6,13,2,11,5,8
G,2,1,3,2,2,7,6,6,5,6,6,10,2,9,4,9
H,7,10,10,8,6,10,6,3,6,10,3,7,5,7,5,9
X,4,10,6,8,4,7,7,4,9,6,6,8,3,8,7,7
G,1,0,2,0,1,8,6,5,5,6,5,9,1,8,5,10
O,5,10,7,7,5,7,8,8,5,7,7,9,3,7,4,7
K,3,6,4,4,1,4,8,8,1,7,6,11,3,8,3,11
I,2,9,3,7,2,7,7,0,7,13,6,8,0,8,1,8
H,1,0,2,0,0,7,8,11,1,7,6,8,2,8,0,8
H,3,3,4,2,2,7,8,6,6,7,6,8,3,8,3,7
D,4,8,4,6,3,6,7,10,9,7,6,6,3,8,4,8
G,6,11,8,8,5,6,6,6,7,6,6,8,3,8,4,7
C,3,7,4,5,2,5,9,6,7,12,9,9,2,10,3,7
C,2,6,3,4,2,6,8,8,8,9,8,13,1,9,4,10
D,5,11,5,6,4,10,5,3,5,10,4,7,5,8,7,7
C,2,4,3,2,1,4,9,5,7,11,9,12,1,9,3,7
O,6,9,6,7,5,7,7,7,5,10,6,10,5,8,4,6
I,3,9,4,7,3,8,6,0,7,13,6,9,0,7,2,7
K,6,11,8,8,5,6,7,2,7,10,7,10,3,8,3,8
Y,2,7,4,5,1,9,10,1,3,6,12,8,1,11,0,8
Y,3,8,4,5,1,8,10,2,3,5,12,8,1,10,0,8
Y,3,10,6,7,4,7,10,0,7,6,11,8,1,10,1,8
H,4,5,5,4,4,7,7,6,6,7,6,8,3,8,3,8
H,5,11,6,8,6,6,7,7,6,7,6,11,3,8,3,9
G,7,11,7,8,6,6,6,6,6,10,7,12,2,9,4,10
X,3,7,4,4,1,7,7,5,4,7,6,8,3,8,4,8
G,6,11,8,9,6,6,6,7,5,5,6,12,5,7,5,6
H,3,3,4,1,2,8,7,5,6,7,6,8,5,8,3,7
I,4,8,5,6,3,9,5,2,7,7,7,5,0,9,4,7
I,1,5,3,4,1,7,7,0,8,13,6,8,0,8,1,7
O,4,7,5,5,4,7,7,8,6,7,6,6,3,8,4,8
G,5,9,6,7,4,7,6,7,8,11,6,11,2,11,4,9
H,6,9,6,4,3,9,6,4,4,9,7,8,6,12,4,9
D,5,11,7,8,6,11,6,2,7,11,3,7,4,7,4,9
Y,5,6,5,4,2,3,12,4,5,12,11,5,1,11,1,5
I,6,11,8,8,5,10,5,2,6,6,7,4,0,10,4,7
G,2,4,3,3,2,6,7,6,6,6,6,11,2,9,4,9
I,1,3,2,2,0,7,8,1,6,13,6,7,0,8,0,7
O,5,9,5,7,4,7,7,8,5,9,7,10,3,8,4,6
G,2,1,2,2,1,8,6,6,6,6,5,10,1,7,5,10
G,5,8,5,6,4,7,6,6,7,10,7,11,2,10,4,9
I,3,5,4,6,4,7,8,5,5,6,8,7,3,10,8,8
G,3,5,4,7,3,7,7,8,7,7,7,7,2,7,6,11
G,3,5,4,7,2,7,6,8,9,8,4,13,1,9,5,10
H,7,9,10,7,6,5,8,4,7,10,9,10,3,8,3,6
H,3,3,5,1,2,9,6,3,5,10,4,8,3,8,2,9
I,2,10,3,8,2,9,6,0,7,13,5,8,0,8,1,8
O,5,11,5,8,6,8,6,8,4,9,4,8,3,8,3,8
C,6,11,7,8,9,7,5,4,4,8,7,11,6,10,5,8
K,3,4,5,3,2,7,6,1,6,10,6,10,3,8,3,8
Y,6,9,8,6,6,8,8,6,5,5,8,8,3,8,9,6
Y,2,1,3,1,0,7,10,3,1,7,12,8,1,11,0,8
G,6,13,6,7,3,7,6,5,4,9,5,5,4,8,5,7
Y,3,8,6,6,3,5,9,2,6,8,12,10,2,11,2,7
I,3,7,4,5,1,8,5,0,8,14,6,10,0,7,1,8
O,3,8,4,6,2,7,8,9,7,7,7,8,3,8,4,8
I,4,9,4,4,2,7,10,2,5,13,5,4,1,8,5,8
I,3,8,4,6,2,7,7,0,7,13,6,8,0,8,1,7
I,3,10,4,7,2,7,7,0,8,14,6,8,0,8,1,8
L,3,9,5,7,3,8,4,0,9,9,3,11,0,7,3,9
H,3,6,4,4,3,7,6,12,1,7,8,8,3,9,0,8
Y,2,1,3,3,1,8,11,1,7,6,11,7,1,11,2,7
D,4,11,6,8,5,9,7,5,7,10,5,5,3,8,3,8
D,5,10,6,7,3,5,7,10,9,7,6,5,3,8,4,8
H,5,10,5,8,5,7,8,13,1,7,5,8,3,8,0,8
H,4,8,5,6,4,7,7,13,1,7,6,8,3,8,0,8
Y,7,9,7,7,4,5,8,2,8,8,10,5,5,11,6,3
K,4,10,5,8,2,3,7,7,3,7,7,11,4,8,3,10
L,5,10,4,5,2,9,3,4,4,12,4,13,2,6,6,9
D,5,9,7,7,6,7,7,5,6,7,6,8,7,7,3,7
I,1,3,2,2,1,7,8,1,7,13,6,7,0,8,1,7
D,5,10,6,8,7,7,7,6,6,7,6,5,3,8,3,7
O,3,7,4,5,3,9,6,7,5,10,4,9,3,8,3,8
D,4,8,4,6,2,5,8,10,8,8,7,5,3,8,4,8
C,4,11,6,8,2,6,6,7,10,8,6,14,1,9,4,9
H,1,0,1,0,0,7,7,10,1,7,6,8,2,8,0,8
D,5,11,5,8,3,6,7,11,10,6,5,6,3,8,4,8
H,6,9,8,7,7,7,7,7,5,6,5,7,3,7,7,10
Y,8,7,6,11,5,9,7,5,5,4,12,5,4,11,5,7
G,3,8,4,6,4,8,7,7,5,6,6,8,2,8,5,11
K,2,3,3,1,1,5,7,1,6,10,8,10,3,8,2,6
E,4,9,4,7,3,3,6,6,12,7,7,15,0,8,7,7
X,4,8,5,6,1,7,7,5,4,7,6,8,3,8,4,8
K,2,6,4,4,4,7,7,3,5,6,5,8,3,8,3,9
X,3,5,5,4,4,9,8,2,6,8,5,6,2,6,7,7
Y,2,4,3,3,1,4,10,2,6,10,10,6,1,11,2,5
I,0,0,0,0,0,7,7,4,4,7,6,8,0,8,0,8
I,1,3,1,2,1,7,7,1,7,7,6,8,0,8,2,8
I,2,4,3,3,1,7,6,0,7,13,7,10,0,8,1,8
Y,3,5,4,7,6,7,9,3,2,7,7,8,3,11,7,6
X,3,5,5,5,4,8,8,2,5,8,6,8,3,8,7,8
O,4,7,6,5,4,7,5,8,5,8,5,11,3,8,4,8
C,3,7,4,5,2,3,7,5,6,9,8,14,1,8,3,9
H,5,11,7,8,7,6,6,6,5,6,5,8,6,6,7,10
K,3,2,4,4,3,5,7,4,7,6,6,10,3,8,5,9
K,3,7,4,4,1,4,8,7,2,7,5,11,3,8,3,10
K,3,1,5,3,3,6,7,4,8,7,6,11,3,8,5,9
G,5,9,6,7,4,6,7,6,6,10,7,10,2,9,5,9
K,1,0,1,0,0,4,6,5,1,7,6,10,2,7,1,10
X,5,11,8,8,6,7,8,3,9,5,5,7,4,9,8,7
K,9,13,9,7,4,4,9,3,7,10,9,11,5,7,3,6
G,2,1,3,2,1,8,6,6,6,6,5,9,1,7,6,10
O,8,11,6,6,3,8,5,4,6,8,3,8,5,7,5,8
K,5,4,5,6,2,4,8,8,2,7,5,11,4,8,2,11
Y,8,8,7,11,5,9,9,3,3,5,11,5,4,10,7,8
D,4,8,4,6,3,6,7,10,10,7,6,6,3,8,4,8
K,1,0,1,0,0,4,6,6,1,7,6,10,3,7,1,10
I,1,4,1,3,1,7,7,1,7,7,6,8,0,8,2,8
Y,5,9,8,6,4,8,10,1,7,5,11,8,2,12,3,8
O,2,6,3,4,2,7,8,7,5,7,7,7,3,8,3,7
K,3,7,4,5,1,3,7,7,2,7,7,11,3,8,3,10
H,1,0,2,0,0,7,8,11,1,7,6,8,2,8,0,8
I,1,6,0,4,1,7,7,5,3,7,6,8,0,8,0,8
I,1,5,1,4,1,7,7,1,7,7,6,8,0,8,2,8
Y,1,3,2,2,1,5,10,2,7,10,9,5,1,11,2,4
Y,2,3,4,4,0,7,10,1,3,7,12,8,1,11,0,8
K,2,3,4,2,2,6,7,1,6,10,7,10,3,8,2,8
H,6,9,8,7,8,8,8,5,7,7,6,9,6,8,4,8
G,6,9,6,6,4,6,7,6,7,10,8,9,3,8,5,9
D,2,4,4,3,2,8,7,5,6,9,5,5,2,8,3,7
Y,2,7,4,4,1,10,10,3,2,5,13,8,2,11,0,8
I,1,5,2,3,1,7,7,0,7,13,6,8,0,8,1,8
D,4,4,4,6,2,5,7,10,8,6,6,5,3,8,4,8
Y,2,2,4,4,2,6,10,1,7,8,11,8,1,11,2,7
D,4,6,6,6,5,6,7,4,7,6,4,7,3,7,5,6
K,6,9,8,6,9,7,6,3,5,6,6,9,8,6,7,7
Y,1,0,2,0,0,7,10,3,1,7,12,8,1,11,0,8
I,1,5,2,4,1,7,8,0,7,13,6,7,0,8,1,7
I,2,9,2,7,3,7,7,0,7,7,6,8,0,8,3,8
H,7,9,7,4,3,8,8,4,5,8,5,7,6,7,4,8
I,9,14,6,8,3,10,4,5,5,13,3,8,3,7,5,10
D,3,8,4,6,2,5,7,10,8,6,5,5,3,8,4,8
G,4,9,6,7,6,7,8,6,2,6,5,11,4,8,7,8
I,0,0,0,0,0,7,7,4,4,7,6,8,0,8,0,8
Y,2,6,4,4,0,9,10,2,2,6,12,8,1,11,0,8
Y,3,9,5,6,1,6,12,2,3,9,12,8,1,10,0,8
H,5,9,6,7,7,7,7,6,6,7,6,8,3,8,3,8
B,2,3,2,2,2,7,8,5,5,7,6,6,2,8,5,9
V,2,6,4,4,2,6,11,3,3,8,11,8,2,11,1,9
K,6,11,9,8,8,3,8,1,6,9,9,11,3,8,3,6
I,4,11,6,8,4,7,9,0,8,13,6,6,1,9,2,7
D,3,3,3,5,2,5,7,10,7,7,6,5,3,8,3,8
G,9,13,7,7,5,9,6,5,4,9,5,7,3,9,8,9
O,3,10,5,8,5,8,6,8,4,6,5,6,3,8,3,7
G,4,7,5,5,2,7,6,7,9,6,5,10,1,8,6,11
G,3,7,4,5,3,6,6,6,5,9,7,13,2,9,4,10
I,2,10,2,8,3,7,7,0,7,7,6,8,0,8,3,8
O,3,10,5,8,4,8,8,8,6,6,6,11,3,8,4,7
Y,7,8,5,12,4,10,10,1,4,7,10,5,3,9,5,10
I,1,4,3,3,1,7,7,1,7,14,6,8,0,8,1,8
X,4,9,7,6,4,7,7,0,8,9,6,8,2,8,3,7
H,5,8,7,6,6,8,8,7,7,7,6,7,3,8,4,7
I,0,1,0,1,0,7,7,4,4,7,6,8,0,8,0,8
O,1,0,2,1,0,8,7,7,4,7,6,8,2,8,3,8
D,5,10,7,8,10,9,8,5,5,7,6,6,4,7,7,5
H,6,9,8,7,6,8,6,6,7,7,7,9,6,8,4,8
O,2,3,3,2,1,7,7,7,4,7,6,8,2,8,2,8
K,3,2,4,4,3,6,7,4,7,6,6,11,3,8,5,10
L,3,9,5,7,3,8,4,2,7,8,2,8,1,6,2,9
K,5,6,7,4,4,4,7,2,7,10,9,11,3,8,3,6
I,2,6,2,4,1,6,8,0,6,13,7,8,0,8,1,7
I,1,9,0,7,1,7,7,5,3,7,6,8,0,8,0,8
Y,5,7,5,5,3,3,10,2,7,11,11,7,1,11,2,5
C,3,9,4,7,3,5,8,9,8,9,8,11,2,10,4,10
O,4,9,5,7,5,8,6,7,3,10,5,9,3,8,3,7
O,2,3,2,1,1,8,7,6,4,9,6,8,2,8,3,8
K,3,7,3,4,1,3,7,7,2,7,5,11,3,8,2,11
D,1,1,2,2,1,6,7,8,6,6,6,6,2,8,3,8
H,4,7,6,5,4,10,5,4,6,10,2,7,3,8,3,9
O,3,7,4,5,3,7,7,8,5,6,5,6,3,8,3,8
O,1,1,2,1,1,7,7,6,4,7,6,8,2,8,2,8
Y,3,5,5,3,2,7,10,1,7,7,11,8,1,11,2,8
X,1,0,1,0,0,7,7,3,5,7,6,8,2,8,4,7
H,2,0,2,0,0,7,8,11,1,7,5,8,3,8,0,8
K,3,5,4,4,3,5,7,4,7,7,6,11,3,8,5,10
H,2,1,3,3,3,7,7,5,5,7,6,8,3,8,2,8
E,4,6,6,4,3,7,8,1,9,11,6,8,2,8,4,8
O,4,7,5,5,3,8,6,7,4,10,5,9,3,8,3,7
H,3,9,4,7,4,8,9,13,2,7,4,8,3,8,0,8
K,4,9,5,6,2,3,7,8,2,7,6,11,4,8,2,11
A,3,8,4,6,3,6,4,2,0,6,2,8,2,6,1,7
Y,4,5,6,6,6,9,9,6,4,7,7,7,5,11,6,4
H,7,11,7,6,5,7,7,3,4,9,8,8,7,10,6,8
H,5,9,6,6,3,7,10,15,2,7,3,8,3,8,0,8
I,3,10,4,8,2,7,7,0,8,14,6,8,0,8,1,8
Y,1,0,2,0,0,7,9,2,1,6,12,8,1,10,0,8
D,4,7,5,5,8,9,8,4,5,7,6,6,4,6,8,7
Y,4,7,6,5,5,8,5,6,4,6,9,8,3,8,8,4
O,4,7,6,5,4,7,7,8,4,7,6,8,3,8,3,8
I,1,10,2,8,3,7,7,0,7,7,6,8,0,8,3,8
K,6,11,8,8,6,4,7,2,7,10,10,12,3,8,4,7
Y,8,13,6,7,4,9,7,5,6,9,5,4,4,10,6,5
O,4,6,5,4,3,8,7,8,4,7,6,5,3,8,3,7
G,3,5,5,4,5,7,8,5,2,7,7,8,6,11,7,8
H,6,11,8,8,8,7,8,7,6,8,6,7,7,8,5,9
Y,3,8,4,6,2,5,10,1,3,8,12,8,1,11,0,8
D,5,9,7,6,6,9,7,3,6,11,5,6,4,7,4,8
D,4,6,5,4,4,9,7,3,6,10,4,6,3,8,2,8
D,3,6,5,4,3,7,7,7,8,6,5,4,3,8,3,7
G,3,7,4,5,2,8,7,8,7,6,6,9,2,7,6,11
D,2,4,3,3,2,9,7,4,5,9,4,5,2,8,2,8
Y,7,11,6,6,3,5,9,4,3,11,10,6,4,10,3,3
C,1,0,2,0,0,7,7,6,8,7,6,13,0,8,4,10
I,2,11,2,8,4,7,7,0,6,7,6,8,0,9,3,8
Y,1,3,2,1,1,8,10,1,6,5,10,8,1,11,1,8
O,6,8,8,7,6,8,4,3,4,9,3,8,4,7,5,8
I,4,11,5,8,3,7,7,0,9,14,6,8,0,8,1,8
Y,1,3,2,1,1,7,10,1,5,7,11,8,1,11,1,8
G,4,9,6,7,6,7,7,6,2,7,6,11,4,8,8,8
K,4,6,4,4,1,4,7,9,1,7,6,11,3,8,2,11
H,3,4,3,5,2,7,9,14,3,7,3,8,3,8,0,8
C,4,6,5,4,3,6,7,5,6,11,8,13,2,10,3,9
D,4,9,6,6,9,9,9,4,5,7,6,6,5,8,9,5
H,4,10,4,7,2,7,7,15,1,7,7,8,3,8,0,8
Y,2,7,3,5,1,6,10,0,3,7,11,8,1,11,0,8
Y,3,2,5,3,2,5,10,1,7,9,12,9,1,11,2,7
Y,2,7,4,5,2,7,10,2,2,7,11,8,1,11,0,8
I,0,7,0,4,0,7,7,4,4,7,6,8,0,8,0,8
Y,3,5,5,7,1,7,10,1,3,7,12,8,1,11,0,8
G,2,4,3,3,2,6,7,5,5,9,7,10,2,8,4,10
I,1,7,0,5,1,7,7,5,3,7,6,8,0,8,0,8
O,4,5,6,8,3,6,6,9,8,6,5,6,3,8,4,8
I,1,6,2,4,1,7,7,0,7,14,6,8,0,8,1,8
S,5,10,7,7,8,9,5,5,4,8,6,9,5,7,12,8
L,3,7,3,5,1,0,1,5,6,0,0,6,0,8,0,8
O,4,9,4,6,3,8,6,8,5,9,4,7,3,8,3,8
G,2,4,3,2,1,7,8,5,6,9,7,10,2,9,4,10
O,3,4,4,3,2,8,7,7,4,9,6,8,2,8,3,8
O,4,7,5,5,4,7,9,8,4,7,8,8,3,8,3,8
D,3,4,4,3,2,7,7,7,7,7,6,5,2,8,3,7
C,4,7,5,5,2,6,7,6,10,6,6,12,1,7,4,8
I,1,3,2,1,0,7,7,1,7,13,6,8,0,8,1,8
Y,7,9,7,7,4,4,9,2,7,10,11,6,2,12,3,4
O,2,3,3,2,2,7,7,6,4,9,6,8,2,8,2,8
G,4,10,6,7,3,7,5,7,10,5,4,10,1,9,6,11
I,2,9,3,7,2,7,7,0,8,13,6,8,0,8,1,8
L,3,6,4,4,2,5,3,3,9,5,2,8,1,6,2,6
K,3,9,4,6,2,3,7,7,2,7,5,11,3,8,2,10
I,3,9,4,7,2,7,9,0,8,14,6,5,0,9,2,7
I,2,2,1,3,1,7,7,1,7,7,6,8,0,8,3,8
I,4,10,5,8,4,6,8,0,7,13,7,8,0,8,1,7
L,5,10,6,8,5,3,4,5,7,2,0,7,1,6,1,6
O,6,10,7,8,6,8,5,9,5,5,5,5,5,8,5,8
G,5,9,4,4,3,8,6,5,2,9,6,8,3,10,7,8
I,2,11,2,8,2,8,7,0,8,7,6,7,0,8,3,7
G,2,1,2,1,1,8,6,6,6,6,5,9,1,7,5,10
Y,1,1,2,1,0,7,10,2,2,7,12,8,1,11,0,8
I,7,13,6,8,4,8,9,3,6,14,5,5,2,7,6,8
O,4,8,4,6,4,7,7,7,4,10,6,8,3,8,3,6
K,3,4,4,5,1,4,7,8,2,7,5,11,4,8,2,11
I,2,8,3,6,2,7,7,0,7,13,6,8,0,8,1,8
X,3,8,5,6,4,7,7,3,8,5,6,10,3,7,6,8
H,3,3,5,2,2,7,8,3,6,10,7,7,3,8,3,8
K,4,8,6,6,4,8,6,1,7,10,4,9,4,7,5,10
Y,4,6,6,9,7,9,10,6,3,7,7,7,6,11,6,5
H,5,9,7,7,5,9,7,3,6,10,5,7,3,8,3,9
I,1,1,1,3,1,7,7,1,6,7,6,8,0,8,2,8
H,8,11,12,8,7,9,7,3,6,10,4,7,3,8,3,8
I,2,2,1,4,1,7,7,1,7,7,6,8,0,8,3,8
H,5,10,8,8,7,8,6,7,7,7,7,5,3,8,4,6
H,3,3,4,4,2,7,7,14,1,7,7,8,3,8,0,8
L,3,7,5,5,2,6,3,3,8,6,2,8,1,6,3,7
D,10,15,10,8,5,8,6,5,6,10,3,6,6,6,6,10
D,6,5,6,8,3,5,7,10,10,7,6,5,3,8,4,8
Y,4,5,5,4,2,4,11,2,7,11,10,6,1,11,2,5
Y,2,7,4,5,2,10,10,3,1,6,12,8,2,11,0,8
D,1,0,1,1,0,5,7,7,5,6,6,6,2,8,3,8
H,3,7,4,5,4,7,7,7,6,7,7,8,3,8,3,7
O,2,1,3,2,2,7,7,7,5,7,6,8,2,8,3,8
I,3,10,5,7,6,9,6,3,4,8,5,5,6,7,5,5
H,4,6,6,8,6,8,12,4,2,8,7,6,3,11,7,5
D,5,11,7,8,7,7,7,5,7,7,7,5,6,8,3,7
H,5,8,7,6,5,5,8,3,6,10,8,9,3,8,3,6
D,6,5,6,8,3,5,7,10,9,7,6,5,3,8,4,8
I,2,9,3,7,2,9,7,0,7,13,5,8,0,8,1,8
Y,6,9,8,7,7,9,8,6,4,5,9,7,3,8,10,5
I,4,10,5,8,2,7,9,0,8,14,6,6,0,10,2,7
Y,5,7,5,5,2,3,10,2,7,11,11,6,1,11,2,5
I,1,4,2,3,1,7,7,0,7,13,6,8,0,8,1,8
K,2,1,3,1,2,6,7,4,8,7,6,10,3,8,5,8
Y,8,11,8,8,5,3,10,2,7,11,11,6,1,11,3,4
D,8,14,7,8,5,6,7,5,6,9,6,6,5,8,7,4
O,4,11,5,8,5,8,7,8,6,7,6,8,3,8,3,8
I,2,7,3,5,1,9,6,0,7,13,5,8,0,8,1,8
K,3,6,5,5,4,8,7,2,4,9,3,8,4,6,4,10
I,0,3,0,1,0,7,7,1,7,7,6,8,0,8,2,8
H,6,7,9,5,4,9,6,3,6,10,3,7,6,8,5,9
I,1,5,0,6,0,7,7,4,4,7,6,8,0,8,0,8
D,5,11,7,8,6,6,7,8,7,5,4,5,3,9,4,9
G,4,9,6,7,7,9,6,5,2,7,6,10,8,8,4,11
Y,4,9,5,6,1,7,10,3,2,7,13,8,1,11,0,8
D,4,8,5,6,7,9,8,4,5,7,6,6,4,7,7,4
I,1,10,0,7,0,7,7,4,4,7,6,8,0,8,0,8
K,7,10,10,8,8,4,8,1,7,10,8,10,3,8,4,7
Y,5,8,6,6,6,9,6,5,4,7,9,7,3,8,8,4
O,5,9,6,7,3,9,9,9,9,5,8,10,3,8,4,8
Y,5,7,6,9,9,8,8,7,3,7,7,8,9,11,6,4
I,4,9,5,7,3,7,8,0,7,13,6,7,0,8,1,7
D,6,12,6,6,5,8,6,3,6,10,5,7,5,8,8,6
H,4,9,6,6,8,7,7,6,3,7,6,7,8,7,9,9
Y,3,9,5,6,1,7,10,3,2,7,13,8,2,11,0,8
Y,2,3,4,4,1,9,10,2,2,6,12,8,2,11,0,8
D,6,11,8,8,8,10,7,4,6,9,3,6,3,8,3,8
K,4,5,7,3,4,6,8,1,7,10,7,10,3,8,3,7
I,2,7,4,5,4,10,7,2,4,8,5,5,3,9,5,7
I,2,8,3,6,2,8,7,0,7,13,6,9,0,8,1,8
Y,2,2,4,4,2,7,10,1,7,7,11,8,1,11,2,8
D,5,11,7,8,5,11,5,4,7,10,2,6,3,8,3,9
G,7,11,8,8,5,6,6,7,8,10,7,11,2,10,5,9
K,5,11,6,8,2,4,6,9,2,7,7,12,4,8,3,11
K,11,14,10,8,4,6,8,3,7,9,8,10,6,8,4,6
O,2,4,3,3,2,7,7,7,4,9,6,8,2,8,3,8
G,4,5,5,4,3,7,7,6,7,9,6,11,2,10,5,9
D,4,10,4,7,3,6,7,11,9,6,5,6,3,8,4,8
H,4,9,5,7,4,7,7,13,1,7,6,8,3,8,0,8
D,7,14,7,8,4,10,4,5,5,13,3,10,5,7,4,9
B,3,7,4,5,3,7,6,9,7,6,7,7,2,9,8,9
I,2,11,2,8,2,7,7,0,9,7,6,8,0,8,3,8
O,4,7,4,5,3,7,7,7,5,10,6,8,3,8,3,8
K,7,9,10,7,7,2,9,2,7,10,11,11,5,7,4,4
I,2,10,3,8,4,7,7,0,7,7,6,8,0,8,3,8
Y,5,10,8,8,3,6,10,1,9,9,12,8,1,11,2,7
D,6,11,8,8,8,8,8,6,6,9,5,4,6,9,5,10
C,3,10,5,7,3,4,9,6,6,6,8,14,1,8,4,10
Y,2,3,4,5,1,8,11,2,3,4,12,8,1,10,0,8
I,2,7,3,5,2,6,8,0,7,13,7,8,0,8,1,7
K,8,10,7,5,3,8,7,3,7,9,7,7,6,10,4,8
I,1,5,0,8,0,7,7,4,4,7,6,8,0,8,0,8
H,4,7,6,5,5,6,6,7,4,6,5,8,3,7,6,10
K,4,9,6,7,7,6,6,3,4,6,6,9,8,7,8,7
D,5,5,6,5,5,7,7,4,6,7,4,8,4,7,5,6
X,6,9,7,8,8,8,6,1,6,7,6,8,4,13,9,8
L,3,6,4,4,2,6,5,1,9,7,2,10,0,7,3,8
Y,5,8,7,11,11,8,8,4,2,7,8,9,4,11,8,8
Y,3,4,4,3,1,4,11,2,7,11,10,5,1,11,2,5
H,2,4,3,3,2,8,8,6,6,7,5,7,3,8,3,7
L,6,15,6,8,4,5,7,4,6,12,9,12,3,8,7,7
K,6,9,9,7,4,3,8,4,8,12,12,12,3,8,4,5
Y,6,9,8,7,6,8,7,6,5,5,9,8,3,9,8,5
Y,3,5,5,3,2,4,11,3,6,12,10,5,1,11,2,5
O,5,8,7,6,8,8,7,5,1,7,6,8,9,9,6,11
I,3,7,4,5,2,7,7,0,8,14,6,8,0,8,1,8
Y,9,13,8,7,5,8,7,4,6,9,5,5,4,9,6,5
O,5,10,7,8,5,8,7,9,4,7,6,7,3,8,4,9
Y,8,10,8,7,5,2,11,2,7,12,12,7,0,10,1,5
H,3,7,4,5,2,7,6,14,2,7,8,8,3,8,0,8
G,2,1,2,1,1,8,6,6,6,6,5,9,1,7,5,10
I,5,13,4,8,2,9,6,5,4,12,4,7,3,8,5,10
Y,1,3,2,2,1,6,11,1,7,8,11,9,1,11,2,8
Y,5,7,5,5,3,6,9,1,8,9,9,5,1,9,4,4
O,3,3,4,5,2,7,7,9,6,7,7,7,3,8,4,8
K,2,3,3,1,2,6,7,4,7,7,6,11,3,8,4,9
Y,3,7,4,5,1,8,11,1,3,6,12,8,1,11,0,8
Y,5,6,6,4,2,4,10,2,7,10,11,5,2,11,3,4
O,3,1,4,3,2,8,7,7,5,7,6,8,2,8,3,8
Y,3,7,5,5,4,8,6,5,4,6,8,7,2,8,8,4
G,6,10,7,8,3,8,7,8,8,6,6,9,2,7,6,11
Y,1,0,2,0,0,7,10,3,1,7,12,8,1,11,0,8
L,5,11,8,9,9,7,8,3,6,5,7,11,5,11,9,7
O,5,11,5,8,5,8,7,8,4,9,6,6,4,9,4,8
I,2,7,3,5,1,7,5,0,7,14,7,10,0,7,1,8
H,5,9,8,7,5,7,7,3,6,10,6,8,3,8,3,7
Y,3,8,5,6,1,6,9,3,1,8,13,8,2,11,0,8
Y,5,8,5,6,2,3,11,3,7,13,11,6,1,10,2,5
D,4,10,5,8,5,7,7,6,7,7,7,5,6,8,3,7
H,2,4,4,2,2,7,8,3,5,10,6,7,3,8,2,8
O,2,1,3,2,2,7,8,7,5,7,7,8,2,8,3,8
H,6,8,8,6,6,10,6,3,6,10,3,7,6,7,5,11
L,7,10,9,7,7,6,6,9,5,6,6,9,3,7,6,13
D,4,8,5,6,4,7,7,7,7,7,6,4,3,8,3,7
K,8,13,8,7,4,9,7,3,7,9,3,6,5,8,4,8
Y,8,10,8,7,3,4,10,2,8,11,11,5,1,11,3,3
K,5,11,6,8,2,3,7,8,2,7,6,11,4,8,2,11
A,2,4,4,3,1,6,3,2,2,5,2,8,2,6,2,6
H,4,9,5,7,5,8,7,6,6,7,6,6,6,8,3,6
G,6,10,6,8,5,7,6,6,5,10,7,13,4,8,6,7
K,5,6,7,4,5,6,7,1,6,10,6,10,4,8,4,8
Y,3,7,5,5,3,7,10,1,5,5,11,9,2,11,1,8
O,2,5,3,4,2,7,7,8,5,7,5,8,2,8,3,8
C,1,0,1,1,0,6,7,6,8,7,6,14,0,8,4,10
O,7,10,5,5,3,5,7,6,4,10,7,9,5,10,5,7
L,3,9,5,7,3,7,5,1,7,8,2,10,0,6,2,8
I,0,0,0,0,0,7,7,4,4,7,6,8,0,8,0,8
K,4,8,4,5,2,3,8,8,2,7,5,11,4,8,3,10
L,7,15,7,8,5,9,3,3,4,12,6,11,3,8,6,9
O,2,5,3,3,2,7,7,7,4,9,6,8,2,8,3,8
O,3,6,5,4,5,8,6,5,2,7,6,8,7,9,3,9
Y,4,10,6,8,3,7,10,1,7,7,12,8,1,11,2,8
H,3,4,6,3,3,7,7,3,6,10,6,8,3,8,3,7
I,1,10,0,7,0,7,7,4,4,7,6,8,0,8,0,8
D,6,10,8,8,8,7,7,5,7,7,6,5,6,8,3,7
I,2,8,3,6,2,7,7,0,6,12,6,8,0,8,1,8
O,3,6,4,4,3,7,8,7,4,9,7,8,3,8,2,8
C,6,14,5,8,4,7,8,4,3,9,8,10,4,9,9,11
O,4,7,5,5,3,7,7,8,5,8,7,10,3,8,3,7
I,3,9,5,6,6,10,6,2,5,8,5,5,3,8,5,7
I,1,9,1,7,1,7,7,0,9,7,6,8,0,8,3,8
Y,6,11,5,6,3,7,8,4,5,10,7,5,3,9,4,4
Y,5,9,8,7,4,5,9,1,7,9,12,9,1,11,2,7
K,7,9,9,8,9,10,6,3,5,10,2,8,8,6,7,12
I,1,1,1,2,1,7,7,1,7,7,6,8,0,8,2,8
K,3,4,4,2,2,5,7,4,7,7,6,11,3,8,4,9
Y,4,11,5,8,3,8,11,1,3,7,12,8,1,11,0,8
Y,6,9,8,7,8,9,7,6,4,6,8,8,3,9,8,4
L,2,1,2,2,1,4,4,4,7,2,1,6,0,7,1,6
D,3,6,5,4,3,9,7,5,7,10,5,4,3,8,3,8
Y,4,8,6,6,5,9,5,7,5,6,9,7,3,9,9,4
G,3,4,4,3,2,6,7,5,5,9,7,10,2,9,4,9
D,5,8,6,7,6,6,7,5,6,7,5,9,5,4,8,4
Y,4,7,5,5,5,9,6,5,4,7,8,7,3,9,8,4
L,3,7,4,5,1,0,0,6,6,0,1,5,0,8,0,8
I,5,12,5,6,3,6,11,3,5,13,6,4,1,8,5,8
K,3,1,5,3,3,6,7,4,8,7,6,10,6,8,4,9
Z,2,7,4,5,4,8,8,2,7,7,7,7,0,8,8,9
Y,5,8,5,6,3,5,8,0,8,9,9,6,1,10,3,4
L,4,7,5,5,3,6,4,5,9,2,2,4,1,6,2,5
Y,2,2,4,3,1,6,10,1,6,8,11,9,1,11,2,8
H,4,5,5,3,3,7,7,6,6,7,6,8,3,8,3,8
D,3,7,5,5,6,8,8,5,4,7,6,6,6,8,7,6
H,4,9,5,6,2,7,6,15,1,7,7,8,3,8,0,8
H,3,5,5,4,3,7,7,3,6,10,6,8,3,8,3,8
H,4,8,6,6,6,7,8,6,6,7,6,10,6,8,3,8
G,3,3,5,5,2,8,6,7,8,6,5,10,1,8,6,11
C,2,1,2,2,1,6,7,6,9,7,6,14,0,8,4,9
X,2,2,4,3,2,8,7,3,9,6,6,8,2,8,6,8
C,1,0,2,1,0,6,7,6,9,7,6,14,0,8,4,10
I,1,10,0,7,0,7,7,4,4,7,6,8,0,8,0,8
D,2,1,3,3,2,7,7,6,6,7,6,5,2,8,2,7
D,3,9,5,7,8,9,6,5,5,7,5,5,4,7,11,6
Y,4,10,6,7,3,7,10,1,8,6,12,8,1,11,2,8
G,4,6,4,4,3,6,7,5,5,9,8,11,2,8,4,10
L,3,2,3,3,2,4,4,3,8,2,1,7,0,7,1,6
D,3,8,3,6,2,5,7,10,8,6,6,5,3,8,4,8
O,6,12,4,6,3,6,7,7,3,10,7,9,5,10,5,7
Y,7,10,7,8,4,4,10,2,8,10,11,6,2,10,4,3
K,4,8,6,6,4,6,8,4,7,6,5,10,3,8,4,9
G,4,8,6,6,6,7,9,6,4,6,6,8,5,7,7,7
K,5,10,7,8,7,6,6,3,7,6,6,8,7,8,5,9
Y,3,5,5,4,2,7,10,1,7,7,11,8,1,11,2,8
H,2,3,4,1,2,8,8,3,5,10,5,7,3,8,3,7
D,3,9,4,7,4,6,7,10,7,7,7,6,3,8,3,8
I,3,8,4,6,2,7,9,0,8,14,6,6,0,9,1,7
O,5,9,6,7,5,8,6,8,6,7,5,8,3,8,4,7
G,4,6,6,5,5,8,10,5,2,7,7,9,6,11,7,10
Y,3,10,5,7,1,7,10,1,3,7,12,8,1,11,0,8
H,11,14,10,8,5,8,7,4,5,9,6,7,7,10,5,9
I,2,9,3,7,3,7,7,0,7,7,6,8,0,8,3,8
H,4,8,5,5,2,7,5,15,1,7,9,8,3,8,0,8
K,6,9,9,8,9,6,7,2,4,7,4,9,7,5,10,10
I,4,10,5,7,3,7,7,0,7,13,6,8,0,8,1,8
I,3,7,4,5,2,6,8,0,7,13,7,8,0,8,1,7
I,4,11,5,8,4,7,7,0,7,13,6,8,0,8,1,8
H,3,5,5,7,4,10,11,3,2,7,8,8,3,10,7,9
K,4,7,6,5,4,7,6,1,6,9,5,9,3,8,3,8
K,5,11,6,8,5,4,8,8,3,6,3,11,3,8,2,11
L,7,13,7,7,5,9,3,4,3,11,6,10,4,8,7,9
I,2,9,2,7,2,7,7,0,8,7,6,8,0,8,3,8
I,1,9,0,6,0,7,7,4,4,7,6,8,0,8,0,8
K,4,9,6,6,5,6,6,3,7,6,6,9,3,8,5,10
D,5,9,6,7,6,8,8,7,6,8,7,3,5,8,4,9
G,6,10,7,8,5,5,7,5,5,9,9,9,2,8,5,8
H,7,11,10,8,7,4,9,4,6,10,9,9,3,8,4,7
H,8,12,8,6,4,9,8,4,5,8,4,5,6,9,5,9
H,12,15,11,8,6,8,7,4,5,9,7,7,7,10,5,9
Y,3,5,4,8,6,9,10,3,3,6,8,9,3,12,6,6
H,5,5,6,7,3,7,7,15,0,7,6,8,3,8,0,8
L,4,10,4,5,2,10,3,2,5,12,3,11,2,9,4,10
Y,2,1,2,1,0,7,10,2,2,7,12,8,1,11,0,8
I,2,6,3,4,2,7,7,0,6,13,6,8,0,8,1,8
C,6,9,7,7,7,6,7,3,4,6,7,10,7,8,6,7
H,3,8,4,5,2,7,9,15,2,7,3,8,3,8,0,8
Y,7,11,8,8,6,5,8,1,8,8,9,5,5,11,7,4
Y,5,7,7,11,10,10,9,4,2,5,8,9,4,11,10,12
Y,8,10,8,8,4,5,8,2,9,9,10,4,5,11,7,3
H,4,8,5,5,2,7,5,15,1,7,8,8,3,8,0,8
I,7,8,8,9,8,7,8,4,6,6,8,7,4,9,10,9
Y,2,3,3,5,0,7,10,1,3,7,12,8,1,11,0,8
Y,2,1,3,1,0,7,10,3,1,7,13,8,1,11,0,8
G,2,1,4,3,2,6,7,6,6,6,6,10,2,8,3,9
O,5,10,6,8,6,8,8,8,4,7,7,6,5,7,4,9
H,4,3,4,4,2,7,8,14,0,7,6,8,3,8,0,8
I,1,4,2,3,1,7,8,0,7,13,6,8,0,8,1,7
D,4,7,5,5,4,7,7,6,8,7,6,5,3,8,3,7
Y,7,9,7,7,3,4,11,2,8,12,11,5,1,10,2,4
O,4,10,6,8,3,8,8,9,8,6,7,10,3,8,4,8
Y,2,6,3,4,0,6,10,2,2,8,12,8,1,10,0,8
O,4,8,4,6,4,6,8,7,4,9,8,8,3,8,2,7
I,2,9,2,7,2,7,7,0,8,7,6,8,0,8,3,8
I,9,14,6,8,3,11,4,5,5,12,3,8,3,7,5,10
L,4,9,5,6,4,6,4,4,8,3,2,5,4,6,2,5
D,4,11,5,8,5,5,7,10,7,6,5,6,3,8,3,8
K,5,10,5,7,2,4,8,9,2,7,6,11,4,8,2,11
O,2,1,3,2,2,8,7,7,5,7,6,8,2,8,3,8
K,7,12,7,6,3,5,8,3,7,9,9,10,6,8,3,7
C,3,4,4,6,2,6,7,7,9,8,5,13,1,9,4,9
O,4,4,6,6,2,8,7,8,8,7,6,9,3,8,4,8
Y,3,4,5,5,1,8,10,3,2,6,13,8,2,11,0,8
Y,4,6,4,4,1,3,11,3,7,11,11,5,1,11,2,4
K,5,8,8,7,7,9,6,2,4,9,3,8,4,6,7,11
L,3,4,3,6,1,0,1,5,6,0,0,7,0,8,0,8
O,2,3,3,2,1,8,7,7,4,7,6,8,2,8,2,8
Y,3,5,4,4,2,5,9,1,8,10,9,5,2,10,4,4
C,4,10,6,8,4,4,9,5,6,5,7,14,4,8,5,7
O,5,10,4,6,3,6,7,6,3,9,7,9,5,9,5,8
H,4,8,6,6,4,10,5,3,6,10,2,7,3,8,3,10
I,2,6,2,4,1,5,8,0,7,13,7,8,0,8,1,7
K,4,11,5,8,2,3,7,8,2,7,5,11,3,8,2,11
D,3,4,4,3,2,7,7,6,7,7,6,5,2,8,3,7
S,7,11,7,6,3,9,5,4,4,13,6,8,2,9,3,8
H,4,10,5,7,3,7,7,15,1,7,6,8,3,8,0,8
K,2,1,3,2,2,7,7,4,6,6,6,9,3,8,5,10
O,6,10,6,8,5,7,7,8,5,10,6,8,3,8,3,8
A,3,5,6,6,2,6,5,3,1,6,0,8,2,7,2,7
D,2,2,3,3,3,7,7,6,6,7,6,5,2,8,3,7
K,9,13,9,7,4,6,7,3,7,9,9,10,6,10,3,6
C,6,11,5,6,4,7,7,4,3,9,8,10,4,9,8,11
K,4,6,6,4,4,7,8,4,8,7,5,7,3,8,5,8
H,5,9,6,7,5,7,8,13,1,7,6,8,3,8,0,8
L,1,4,3,2,1,6,4,1,7,8,2,11,0,7,2,9
H,5,10,5,8,5,8,7,13,1,7,7,8,3,8,0,8
K,6,9,9,6,6,2,8,3,8,11,12,12,4,7,4,4
G,5,9,5,7,4,6,6,7,6,8,7,12,3,7,5,8
D,2,4,4,2,2,9,6,4,6,10,4,6,2,8,2,9
I,1,5,0,7,0,7,7,4,4,7,6,8,0,8,0,8
H,4,2,5,3,4,7,7,6,6,7,6,8,3,8,3,9
Y,3,5,5,7,7,8,4,4,3,7,8,8,5,9,5,8
H,6,10,7,6,5,8,7,3,5,10,7,7,7,11,5,8
Y,4,11,6,8,4,7,9,2,6,6,12,9,2,11,2,8
Y,4,9,4,4,2,7,7,4,4,9,9,5,3,11,3,4
Y,1,0,2,1,0,7,9,1,2,6,12,8,1,10,0,8
O,5,9,6,6,4,8,6,8,4,7,4,8,3,8,3,8
H,3,3,5,2,3,7,7,3,6,10,6,8,3,8,3,7
D,8,12,7,6,5,8,6,3,7,10,5,7,6,7,8,6
I,2,8,3,6,1,7,7,0,7,13,6,9,0,8,1,8
L,4,9,4,5,2,9,3,4,5,12,4,13,2,6,5,9
D,4,11,4,8,3,5,7,11,8,7,6,5,3,8,4,8
D,6,7,8,6,6,5,7,6,7,7,4,7,3,6,5,6
L,4,8,6,6,3,10,3,2,8,9,2,9,1,6,3,9
H,6,9,9,7,7,8,6,2,6,10,5,8,4,7,4,8
I,1,6,1,4,1,7,7,0,7,7,6,8,0,8,2,8
H,9,15,10,8,7,8,7,3,5,10,4,7,7,6,6,7
Y,3,8,5,6,1,4,10,3,2,9,13,8,2,11,0,8
Y,5,6,5,4,3,5,9,1,7,9,10,6,2,11,3,5
K,8,10,8,5,5,8,7,4,6,11,2,8,6,5,4,8
D,3,4,4,6,2,5,7,10,8,7,6,5,3,8,4,8
I,1,2,1,3,1,7,7,1,7,7,6,9,0,8,3,8
H,3,1,4,2,3,7,7,6,6,7,6,8,5,8,4,8
H,4,7,7,5,5,5,9,3,5,10,9,8,3,8,3,5
K,5,10,7,7,6,6,7,4,7,6,6,9,7,8,5,9
G,3,7,4,5,2,8,7,7,7,6,6,10,2,7,5,11
G,4,8,5,6,3,7,7,8,6,7,6,12,3,8,4,9
Y,7,10,7,8,3,4,10,3,8,11,11,5,1,11,3,4
H,5,10,5,7,3,7,5,15,2,7,9,8,3,8,0,8
H,4,5,5,4,4,8,7,6,6,7,6,8,3,8,4,7
O,2,4,2,3,1,7,7,6,4,9,6,8,2,8,2,8
Y,3,4,4,3,2,4,10,1,7,10,10,6,2,10,3,3
X,2,2,3,3,2,8,7,3,8,6,6,8,2,8,6,8
G,3,2,5,4,3,6,6,6,6,6,6,9,2,9,4,9
Y,5,8,5,6,2,3,11,2,7,12,11,6,1,10,2,5
I,5,12,3,7,2,10,5,5,4,13,3,9,2,8,4,10
H,4,8,4,6,2,7,9,15,1,7,4,8,3,8,0,8
H,3,3,4,4,2,7,8,14,1,7,5,8,3,8,0,8
Y,4,6,6,8,1,8,12,2,3,7,12,8,1,10,0,8
O,2,1,2,1,1,7,7,6,4,7,5,8,2,8,2,7
H,9,12,9,6,4,7,8,5,4,9,10,9,7,10,5,9
I,1,9,0,6,1,7,7,5,3,7,6,8,0,8,0,8
I,1,6,1,4,2,7,7,0,7,7,6,8,0,8,3,8
G,5,10,5,7,4,6,7,7,6,10,8,11,2,9,4,9
L,5,7,6,5,5,7,8,7,6,6,5,8,6,7,4,10
Y,3,10,5,7,1,7,10,2,2,7,13,8,2,11,0,8
L,1,3,2,2,1,6,5,2,8,7,3,9,0,7,2,8
Y,1,0,2,1,0,7,9,1,2,6,12,8,1,10,0,8
K,6,8,8,6,4,7,8,1,7,10,5,8,3,8,3,8
D,1,0,1,1,1,6,7,8,5,6,6,6,2,8,2,8
D,6,10,6,5,4,9,6,3,7,10,4,7,5,7,8,7
O,8,14,5,8,4,6,6,6,3,9,7,9,5,9,5,8
H,8,11,12,8,10,10,6,3,7,10,3,7,5,7,5,10
K,5,7,8,5,5,4,9,2,6,10,9,10,3,8,3,6
Y,4,10,6,7,1,9,11,3,2,5,13,8,1,11,0,8
I,1,5,1,4,1,7,7,1,7,7,6,8,0,8,2,8
C,5,9,5,7,4,4,8,5,6,11,9,14,2,9,3,7
O,1,0,1,1,0,7,6,6,3,7,6,8,2,8,3,8
I,1,9,0,6,0,7,7,4,4,7,6,8,0,8,0,8
I,3,10,4,8,2,7,7,0,8,13,6,8,0,8,1,7
I,3,7,4,5,1,6,8,1,8,14,7,8,0,8,1,7
K,4,6,6,4,3,9,6,2,6,10,3,8,4,8,4,11
Y,5,10,6,7,6,9,5,7,5,6,9,7,3,9,9,4
H,8,12,7,6,4,7,8,5,4,9,10,9,7,11,5,9
H,2,3,4,1,2,5,8,3,5,10,9,9,3,8,2,6
K,7,11,10,8,6,4,9,2,8,10,10,10,3,8,4,6
K,6,7,8,5,5,7,8,2,7,10,5,9,4,7,3,7
K,2,1,2,1,1,6,7,4,7,6,6,10,3,8,4,9
D,4,8,6,6,4,7,8,7,6,10,6,5,3,8,4,8
H,6,11,8,8,6,9,7,6,7,7,6,8,6,8,4,7
I,1,4,2,3,1,7,7,0,7,13,6,8,0,8,0,8
G,4,2,5,4,3,6,6,6,6,6,6,10,2,9,4,8
Y,2,0,2,0,0,7,10,3,1,7,12,8,1,11,0,8
D,1,0,2,1,1,6,7,8,6,6,6,6,2,8,3,8
K,5,9,7,7,8,7,7,3,4,6,6,9,7,7,8,7
H,4,5,6,4,4,7,7,3,6,10,6,8,3,8,3,7
K,6,9,8,6,7,9,6,1,6,10,3,8,6,7,5,9
K,5,9,5,6,2,5,9,9,2,7,3,11,4,8,2,11
G,4,8,6,6,6,7,9,6,3,6,6,9,4,7,7,7
O,5,9,5,6,5,8,8,7,4,9,6,6,4,8,4,8
I,2,2,1,3,1,7,7,1,8,7,6,8,0,8,3,8
D,5,11,7,8,7,9,7,4,5,10,4,5,3,8,3,8
Y,5,10,5,7,3,3,10,2,8,11,11,6,0,10,2,4
H,2,1,3,1,2,6,7,5,6,7,6,8,5,8,3,8
Y,1,1,3,2,1,8,11,1,5,5,11,9,1,11,1,8
O,3,5,4,3,3,8,7,7,5,7,6,8,2,8,3,8
C,4,8,5,6,2,6,8,6,10,6,6,13,1,8,4,8
H,6,8,9,6,6,10,6,3,6,10,3,8,4,8,5,10
Y,6,8,6,6,3,2,11,3,6,12,12,6,1,11,2,5
K,1,0,1,0,0,4,6,6,2,7,6,11,3,7,2,10
K,3,7,4,5,2,3,6,7,3,7,7,12,3,8,3,11
H,3,5,5,7,5,9,10,3,1,8,6,7,3,10,8,7
I,3,10,6,8,6,9,6,2,4,8,5,5,5,8,5,6
I,5,9,3,4,1,10,6,5,4,13,3,7,2,8,5,10
D,7,11,9,8,7,7,7,5,6,7,6,8,7,8,3,7
G,2,3,3,4,2,7,8,8,7,5,7,9,2,7,5,11
I,3,6,4,4,2,5,7,3,7,7,6,12,0,8,4,9
H,6,10,6,5,4,7,8,3,5,10,5,8,6,6,5,7
Y,3,5,5,8,7,8,7,4,2,6,8,9,4,11,7,8
K,1,1,2,1,1,6,7,4,7,7,6,11,3,8,4,9
O,1,3,2,1,1,8,7,5,3,9,6,8,2,8,2,8
D,7,11,10,8,6,8,7,7,8,9,5,4,4,8,6,11
I,1,11,0,8,1,7,7,5,3,7,6,8,0,8,0,8
I,3,9,4,6,2,7,8,0,8,14,6,6,0,8,1,7
H,3,5,4,4,4,9,7,6,6,7,6,6,3,8,3,7
Y,3,6,5,4,2,7,10,2,7,6,12,9,2,11,2,8
O,5,11,7,8,5,8,5,9,5,6,6,4,5,7,5,9
C,3,6,5,5,4,6,6,4,5,7,6,11,4,10,7,10
I,6,8,7,6,4,5,6,3,7,7,6,12,0,9,4,8
I,1,5,2,4,1,7,7,0,7,13,6,8,0,8,1,8
Y,3,8,5,5,1,9,11,3,2,5,12,8,1,11,0,8
L,3,8,4,6,3,5,4,2,9,3,2,7,3,7,2,5
K,4,10,5,8,4,3,6,7,4,7,7,12,3,8,3,11
O,3,8,4,6,2,7,6,8,7,7,4,8,3,8,4,8
I,0,1,0,1,0,7,7,4,4,7,6,8,0,8,0,8
D,5,4,5,6,3,5,7,10,9,6,6,5,3,8,4,8
L,3,8,4,6,2,4,3,6,7,1,1,5,1,6,1,6
K,4,9,5,6,5,6,5,4,4,6,6,9,3,6,8,10
G,8,14,7,8,5,8,6,4,3,9,6,8,4,9,8,8
I,1,1,1,2,1,8,7,1,7,7,6,7,0,8,2,7
I,2,8,3,6,2,9,6,0,7,13,5,9,0,8,1,8
Y,4,5,5,7,7,9,8,6,3,7,7,7,6,10,6,4
I,1,6,0,8,1,7,7,4,4,7,6,8,0,8,0,8
K,4,7,6,5,4,3,8,3,7,11,11,12,3,8,3,5
D,2,1,2,1,1,5,7,8,7,6,6,6,2,8,3,8
O,4,8,5,6,4,8,7,8,5,7,7,9,3,8,3,8
G,6,8,8,7,9,8,7,6,3,7,7,8,7,11,7,9
H,3,5,5,4,3,7,8,3,6,10,6,8,3,8,3,8
H,3,7,3,4,2,7,9,14,3,7,3,8,3,8,0,8
O,2,2,3,3,2,8,7,7,4,7,6,8,2,8,3,8
C,4,9,5,7,3,4,8,6,7,7,8,15,1,8,4,10
I,1,5,2,3,1,7,7,0,7,13,6,8,0,8,0,8
K,4,8,4,6,3,3,6,6,3,7,7,11,3,8,3,11
O,3,2,4,3,2,7,6,7,5,7,5,7,2,8,3,7
I,0,0,0,1,0,7,7,4,4,7,6,8,0,8,0,8
Y,5,11,6,8,2,3,11,3,8,13,11,5,0,10,2,4
X,11,14,10,8,4,8,7,2,10,9,6,8,4,8,4,8
L,5,10,7,8,3,5,3,2,10,6,1,10,0,7,3,6
D,1,0,1,0,0,6,7,7,5,7,6,6,2,8,3,8
K,3,3,5,2,2,6,8,2,7,10,7,9,3,8,2,7
L,1,3,2,1,1,6,5,1,7,8,3,10,0,7,2,8
O,6,9,6,7,4,7,8,8,5,10,7,8,3,8,3,8
C,2,4,3,3,1,6,8,7,8,8,7,14,1,9,4,10
I,0,0,0,0,0,7,7,4,4,7,6,8,0,8,0,8
D,2,4,4,2,2,9,7,4,6,10,4,5,2,8,3,8
I,2,10,2,8,3,7,7,0,8,7,6,8,0,8,3,8
K,8,15,8,8,4,6,8,3,7,9,7,9,6,9,3,7
H,3,3,5,2,2,8,7,3,6,10,4,7,3,7,3,8
Y,3,5,6,7,1,9,10,3,2,6,13,8,2,11,0,8
I,0,1,1,2,0,7,7,2,6,7,6,8,0,8,2,8
Y,4,5,5,7,7,9,6,6,3,7,7,8,7,8,6,4
H,9,15,9,8,7,4,10,3,5,10,8,10,5,8,4,6
I,6,10,6,6,3,8,8,3,5,13,4,5,2,9,5,11
L,3,6,4,4,2,5,5,1,9,6,2,10,0,7,2,7
G,3,7,5,5,5,9,7,6,2,6,7,9,5,8,3,8
O,5,10,5,8,4,8,6,8,5,10,4,8,3,8,3,8
K,7,9,10,6,7,9,7,1,6,10,3,8,6,7,5,10
Y,1,1,2,1,0,8,9,2,2,7,12,8,1,10,0,8
I,6,11,7,8,5,7,7,1,7,7,6,8,0,8,4,8
O,2,1,3,2,2,8,7,7,4,7,6,8,2,8,3,8
O,4,8,5,6,3,7,6,8,5,7,5,8,3,8,3,8
K,4,8,5,6,4,6,7,4,7,6,5,8,7,8,5,9
K,4,8,5,6,2,4,8,9,1,7,6,11,3,8,3,11
Y,5,7,7,11,10,8,11,3,3,6,8,9,4,11,11,7
H,6,10,8,8,7,6,8,3,6,10,8,8,4,8,4,6
Y,6,9,6,4,3,6,7,4,3,10,9,6,3,10,4,4
L,4,8,5,6,3,3,4,2,8,2,1,8,0,7,1,6
K,2,1,2,1,0,5,7,8,1,7,6,11,3,8,2,11
I,1,6,2,4,1,7,7,1,8,7,6,8,0,8,3,8
H,3,7,5,5,4,8,7,6,6,7,6,6,3,8,3,7
K,5,10,6,7,2,4,8,8,2,7,4,11,4,8,2,11
J,3,6,5,4,2,10,5,3,6,14,3,9,0,7,0,8
K,2,3,4,2,2,5,8,2,7,10,8,9,3,8,2,7
I,4,6,6,4,3,6,7,3,8,7,6,11,0,8,4,8
Y,5,10,7,8,4,4,9,1,8,11,12,9,1,11,2,6
C,4,8,6,6,4,5,7,6,8,6,6,13,1,7,4,9
I,2,9,2,7,3,7,7,0,7,7,6,8,0,8,3,8
C,7,10,8,8,8,6,6,3,5,8,6,12,6,9,5,10
H,5,10,5,7,3,7,6,15,1,7,7,8,3,8,0,8
Y,7,8,9,10,11,9,8,6,3,7,7,8,6,10,7,4
I,2,9,3,7,2,7,7,0,8,13,6,8,0,8,1,8
L,3,4,4,6,1,0,0,6,6,0,1,5,0,8,0,8
I,1,2,1,3,1,7,7,1,8,7,6,8,0,8,3,8
C,2,1,3,2,1,6,7,6,10,7,6,14,0,8,4,9
I,1,1,1,2,1,7,7,1,7,7,6,8,0,8,2,8
D,4,8,6,6,8,9,8,5,6,7,6,6,4,7,8,8
H,3,5,4,4,4,7,8,6,6,7,6,8,3,8,3,8
H,7,9,10,7,8,8,7,2,6,10,6,8,3,8,3,7
I,1,5,0,6,0,7,7,4,4,7,6,8,0,8,0,8
I,0,0,0,1,0,7,7,4,4,7,6,8,0,8,0,8
B,6,10,8,7,6,10,7,3,7,11,3,6,2,8,5,11
O,4,6,4,4,4,6,9,7,4,9,8,8,3,8,3,7
I,6,14,6,8,3,8,7,2,5,13,4,5,2,8,6,10
K,8,10,8,6,3,4,7,5,7,9,12,12,6,11,3,6
O,4,7,6,5,6,8,10,5,2,7,7,8,7,9,4,9
X,2,0,2,1,0,7,7,6,2,7,6,8,3,8,3,8
I,7,11,9,8,6,10,5,2,7,7,7,4,0,9,4,7
Y,5,7,7,9,8,10,10,5,3,6,7,8,6,11,8,5
Y,6,11,8,8,8,9,3,7,5,8,8,7,3,10,5,3
C,3,6,4,5,4,5,6,3,5,7,6,11,4,10,6,9
D,6,9,6,5,3,8,6,5,5,10,4,6,4,7,6,10
L,4,8,5,6,3,4,3,5,9,1,1,5,1,6,1,5
I,1,4,2,3,1,7,7,0,7,13,6,8,0,8,1,8
O,6,10,8,8,6,8,5,9,4,6,5,5,5,7,4,8
K,4,5,6,4,3,4,8,2,8,10,10,11,4,7,3,6
O,4,8,6,6,4,7,7,8,5,7,5,8,3,8,3,8
Y,1,0,2,0,0,8,10,3,1,6,12,8,1,11,0,8
G,7,10,7,8,5,6,6,7,7,10,7,11,2,9,5,9
L,3,10,5,7,3,6,4,1,8,7,1,9,0,6,2,8
G,3,4,4,3,2,6,7,5,5,9,8,9,2,9,4,9
O,4,8,4,6,4,7,8,7,4,10,7,6,3,9,3,7
K,2,3,4,2,2,6,7,2,6,10,7,10,3,8,2,7
G,2,1,2,1,1,8,6,6,5,6,5,9,1,7,5,10
I,5,11,4,6,2,10,6,2,5,11,4,6,2,9,4,11
I,2,8,2,6,2,7,7,0,7,7,6,8,0,8,3,8
K,7,12,7,7,4,11,6,4,6,11,2,6,5,8,4,10
G,2,3,3,2,1,6,7,5,5,9,7,10,1,8,4,10
H,3,6,4,4,2,7,8,14,1,7,5,8,3,8,0,8
Y,7,11,7,8,4,6,8,2,8,8,10,5,5,11,6,3
K,2,4,3,2,2,5,7,4,7,7,7,11,3,9,5,10
I,1,3,2,2,0,7,7,0,7,13,6,8,0,8,1,8
D,4,11,6,8,7,8,7,5,7,7,6,6,6,8,3,7
L,2,7,3,5,3,4,4,4,6,3,1,7,1,6,1,6
O,4,7,5,5,2,8,7,8,7,7,6,9,3,8,4,8
G,6,11,6,8,5,6,6,6,6,10,6,13,4,9,6,8
K,6,11,9,8,7,2,9,2,7,10,12,12,5,6,4,4
H,4,7,6,5,8,8,7,4,3,6,6,7,7,8,8,8
Y,7,10,7,8,4,5,9,2,9,10,11,5,4,9,6,3
H,3,3,5,2,3,7,7,2,6,10,6,8,3,8,3,7
X,3,9,5,6,4,8,8,3,8,6,6,6,3,9,6,7
I,1,5,1,4,1,7,7,1,8,7,6,8,0,8,3,8
H,7,10,10,8,6,8,7,3,7,10,5,8,3,8,3,8
I,4,5,6,5,5,8,8,4,5,7,6,7,4,8,8,9
D,2,3,4,2,2,9,7,4,6,10,4,6,2,8,3,8
H,7,10,10,7,9,9,7,3,6,10,4,7,3,8,3,9
K,2,5,3,3,2,7,7,4,6,6,6,9,3,8,5,10
I,4,5,6,5,4,8,9,4,5,7,6,9,3,8,8,7
H,8,14,8,8,6,10,7,5,5,11,1,6,7,4,5,7
K,4,7,6,6,5,9,5,2,3,8,4,9,4,7,6,12
O,5,10,6,8,5,7,6,7,4,9,6,10,5,8,4,7
K,2,4,4,3,2,5,8,2,7,10,8,10,3,8,3,6
I,0,7,0,4,0,7,7,4,4,7,6,8,0,8,0,8
O,3,3,4,2,2,7,8,7,5,7,7,8,2,8,3,8
D,3,1,4,3,3,7,7,6,7,7,6,5,2,8,3,7
G,5,10,6,7,8,8,8,5,2,6,6,8,7,8,7,13
G,3,4,4,3,2,6,7,5,4,9,7,9,2,8,4,9
C,3,4,5,7,2,5,8,7,10,6,7,12,1,7,4,8
Y,5,7,5,5,2,3,10,3,7,11,12,7,2,11,3,5
Y,5,9,5,6,3,3,10,2,7,11,11,6,0,10,2,4
O,5,8,7,6,4,7,5,8,4,6,4,7,3,9,4,9
K,2,3,3,2,2,6,7,4,7,6,6,10,3,8,4,9
K,4,5,7,4,4,5,7,2,8,10,9,10,3,8,4,6
I,1,4,0,5,0,7,7,4,4,7,6,8,0,8,0,8
L,3,8,4,6,2,0,2,4,6,1,0,7,0,8,0,8
K,1,0,2,1,0,5,7,7,1,7,6,11,2,8,2,11
O,2,4,3,3,2,7,7,6,3,9,6,8,2,8,2,8
I,4,10,6,8,4,6,9,0,7,13,7,7,0,8,1,7
I,0,4,0,6,0,7,7,4,4,7,6,8,0,8,0,8
K,2,3,4,1,2,4,8,2,6,10,10,11,2,8,2,6
C,3,6,4,4,2,6,8,8,8,9,8,13,2,10,4,9
G,4,6,5,4,6,8,5,4,3,7,6,10,6,8,4,10
I,3,6,4,4,2,7,7,0,7,13,6,8,0,8,1,8
Y,4,10,6,8,2,5,11,1,4,9,11,8,0,10,0,8
H,5,8,7,6,6,7,7,5,5,7,6,8,9,7,5,10
C,3,9,4,6,3,5,8,8,7,10,8,12,2,11,4,10
K,6,10,8,7,6,6,7,1,6,10,7,10,3,8,4,8
Y,5,6,7,9,10,8,4,5,3,7,8,9,8,8,6,8
H,3,3,4,4,2,7,8,14,1,7,5,8,3,8,0,8
I,0,1,0,1,0,7,7,4,4,7,6,8,0,8,0,8
I,1,3,2,2,1,7,7,1,6,13,6,8,0,8,0,8
G,1,0,1,0,0,8,7,5,4,6,5,9,1,8,4,10
Y,4,10,6,7,1,7,12,2,3,8,12,8,1,10,0,8
G,4,10,5,8,3,7,5,8,9,8,4,13,1,9,5,10
D,4,7,4,5,4,6,7,9,7,6,5,6,2,8,3,8
Y,5,6,6,8,9,8,6,7,4,7,7,8,10,9,4,5
Y,4,10,6,8,2,9,11,0,4,6,11,8,0,10,0,8
I,1,5,0,7,0,7,7,4,4,7,6,8,0,8,0,8
I,3,4,4,5,3,9,9,5,4,6,6,10,3,7,7,5
O,5,11,6,8,3,7,8,9,8,7,8,8,3,8,4,8
H,3,7,5,5,3,6,7,3,6,10,8,9,3,9,2,6
D,6,11,8,8,7,7,7,6,6,7,7,7,7,7,3,7
H,6,11,9,8,9,7,7,6,7,7,6,8,6,8,4,8
D,4,8,5,6,4,7,7,5,5,7,6,7,4,8,3,7
K,4,11,4,8,2,3,7,8,2,7,5,11,3,8,3,10
Z,4,9,5,7,4,9,6,6,10,7,5,6,1,7,8,8
K,5,9,6,7,4,6,7,4,8,7,6,9,3,8,5,9
O,8,12,6,6,4,5,9,6,4,9,8,9,5,10,5,8
Y,4,9,6,7,3,8,10,1,8,5,12,8,1,11,2,8
O,5,10,5,8,4,7,7,8,5,9,8,8,3,8,3,8
D,4,5,5,4,4,7,7,7,7,7,6,5,2,8,3,7
I,3,10,4,8,3,6,8,0,7,13,7,8,0,8,1,7
O,5,10,7,8,8,8,10,6,3,8,7,6,10,10,6,10
L,2,2,2,4,1,0,1,5,6,0,0,6,0,8,0,8
Y,5,9,4,4,2,6,8,3,4,10,8,5,3,9,4,4
Y,9,14,8,8,5,4,9,4,3,11,10,6,4,11,4,5
I,3,6,5,7,4,8,8,4,5,7,6,8,3,8,8,8
Y,8,11,7,6,4,7,8,4,6,10,6,4,4,10,5,5
D,7,13,7,7,4,10,4,3,6,10,2,7,5,7,4,12
L,5,10,6,8,4,5,3,6,9,1,1,4,1,6,1,5
K,3,7,3,5,2,5,7,7,2,6,5,11,3,8,2,11
H,4,9,5,7,5,8,8,6,6,7,6,9,3,8,3,8
I,2,9,2,6,2,7,7,0,8,7,6,8,0,8,3,8
I,0,1,1,2,0,7,7,2,6,7,6,8,0,8,2,8
O,5,6,7,5,4,7,5,4,5,9,5,8,3,6,5,7
C,5,11,6,9,4,6,8,9,7,10,7,11,2,11,4,9
K,2,3,4,1,1,4,9,2,6,10,9,10,3,8,2,7
G,3,3,4,5,2,7,8,8,7,6,7,7,2,7,6,11
H,3,2,5,3,3,7,7,6,6,7,6,8,3,8,3,8
C,9,13,7,7,5,7,9,4,4,9,8,9,3,9,8,11
Y,7,8,6,12,4,5,8,4,1,8,10,5,4,10,6,5
K,1,0,1,0,0,5,7,7,0,7,6,10,2,8,2,11
H,1,1,2,1,1,7,7,12,1,7,6,8,3,8,0,8
K,3,5,6,4,3,6,7,1,7,10,7,10,3,8,3,8
K,3,6,4,4,4,6,7,3,7,6,6,9,3,8,6,10
H,2,1,3,2,2,8,8,6,5,7,6,8,3,8,3,8
C,2,1,2,2,0,6,7,6,9,7,6,15,0,8,4,10
G,2,2,3,4,2,7,6,6,5,6,6,9,2,9,4,9
Y,7,11,7,8,5,5,8,0,8,9,9,5,4,10,7,4
D,5,9,7,7,7,9,6,4,6,9,3,6,3,8,3,8
Y,10,9,8,12,5,7,9,3,2,7,11,5,4,10,7,6
D,5,11,7,8,5,8,8,6,7,10,6,4,4,7,5,10
H,11,13,10,8,5,8,8,4,5,9,6,7,6,9,5,9
X,4,9,4,6,1,7,7,4,4,7,6,8,3,8,4,8
G,6,10,8,7,6,6,6,6,6,6,6,10,4,8,5,9
O,5,8,6,6,4,8,9,8,4,7,7,8,3,8,3,8
I,1,8,0,6,0,7,7,4,4,7,6,8,0,8,0,8
O,4,6,5,4,6,7,9,5,2,7,7,8,8,9,4,9
G,5,9,5,6,3,6,7,6,7,10,8,10,2,9,4,9
K,7,11,10,8,6,8,6,2,7,10,4,9,5,6,5,8
K,4,7,4,5,3,4,7,7,3,7,6,11,3,8,2,11
D,4,6,5,5,4,6,6,6,7,7,6,8,4,6,5,5
L,5,10,7,8,5,5,4,1,8,7,2,11,0,7,3,7
I,1,11,0,8,0,7,7,4,4,7,6,8,0,8,0,8
O,4,8,5,6,2,7,7,8,8,7,6,7,3,8,4,8
O,1,0,2,0,0,7,7,6,4,7,6,8,2,8,3,8
L,10,15,8,8,4,9,2,4,5,12,4,13,2,7,6,8
Y,4,9,7,7,3,7,11,1,8,6,12,8,1,11,2,8
H,3,5,6,4,3,9,6,3,6,10,3,7,4,7,4,9
O,5,9,6,7,4,7,7,9,5,7,7,8,3,8,3,8
K,3,6,5,4,4,6,6,3,8,6,6,9,3,8,5,9
D,5,10,5,5,3,9,5,4,5,12,3,8,5,7,5,10
O,5,10,6,8,5,7,7,9,4,7,6,9,3,8,4,6
Y,1,1,2,1,0,8,9,2,2,7,12,8,1,10,0,8
D,5,9,5,4,3,8,7,3,6,10,5,7,5,8,7,6
H,6,8,9,6,5,8,7,3,6,10,5,7,3,8,3,7
H,3,8,4,6,3,8,7,13,1,7,6,8,3,8,0,8
X,7,9,6,4,3,8,7,2,8,9,7,8,4,12,3,7
K,3,6,5,5,4,11,5,3,3,10,3,8,4,6,6,12
B,5,9,7,7,7,8,8,3,6,10,5,6,3,7,6,8
K,6,10,8,8,7,5,5,4,8,6,7,12,4,8,7,9
D,3,7,4,5,4,10,6,3,6,10,4,7,3,8,3,9
I,2,5,1,4,1,7,7,1,7,7,6,8,0,8,3,8
Y,5,9,5,6,3,3,10,2,7,11,11,6,1,11,2,5
H,3,7,4,4,2,7,8,14,1,7,6,8,3,8,0,8
G,3,6,4,4,2,7,6,6,6,6,6,10,2,9,4,8
L,5,5,6,8,2,0,0,7,6,0,1,4,0,8,0,8
D,3,6,4,4,6,8,8,5,4,7,6,6,3,7,8,5
I,1,9,0,6,1,7,7,5,3,7,6,8,0,8,0,8
L,2,6,4,4,2,4,5,1,8,6,2,10,0,7,2,7
I,1,6,1,4,1,7,7,1,6,7,6,8,0,8,2,8
C,3,4,4,3,2,4,8,4,7,10,10,13,1,9,2,7
D,3,10,5,8,7,8,9,5,4,8,7,5,4,9,11,6
C,2,5,3,4,2,5,8,7,8,8,8,14,1,9,4,10
L,2,4,4,3,2,6,4,1,8,8,2,11,0,7,2,8
I,1,4,1,3,0,8,7,0,7,13,6,8,0,8,0,8
K,5,10,8,8,6,4,9,1,6,10,9,10,3,8,3,6
A,3,6,5,5,4,9,7,4,5,6,8,5,4,10,4,5
Y,3,8,6,5,1,10,10,3,2,5,13,8,2,11,0,8
D,3,9,4,6,4,7,7,6,7,6,5,6,3,8,3,7
J,3,7,4,5,2,9,6,1,6,13,4,8,0,7,0,8
D,3,8,4,6,6,10,7,4,5,7,6,6,4,6,9,6
H,4,6,6,4,3,7,7,3,6,10,6,8,3,8,3,7
D,4,9,6,7,4,9,6,5,7,9,3,6,3,8,3,8
H,5,10,5,7,3,7,5,15,1,7,8,8,3,8,0,8
D,5,9,6,7,6,9,7,3,5,11,5,5,3,8,3,8
I,1,5,0,7,0,7,7,4,4,7,6,8,0,8,0,8
O,4,8,4,6,4,8,7,7,3,9,6,9,3,8,2,8
O,1,0,1,0,0,7,7,7,4,7,6,8,2,8,3,8
I,0,9,0,6,0,7,7,4,4,7,6,8,0,8,0,8
I,4,10,5,8,3,8,6,0,8,13,6,9,1,6,3,8
O,6,10,4,5,3,6,8,6,5,9,7,9,5,10,5,8
Y,2,7,3,5,2,5,10,2,2,8,12,8,1,11,0,8
C,5,9,6,6,4,6,7,6,9,5,6,12,1,7,4,9
I,7,12,5,6,3,11,4,5,5,13,3,8,3,7,4,9
L,4,10,5,7,3,7,4,0,9,9,2,11,0,7,3,8
L,3,3,4,4,1,1,0,6,6,0,1,5,0,8,0,8
D,4,2,5,4,4,7,7,7,7,6,6,5,2,8,3,7
I,3,7,4,5,2,7,7,0,7,13,6,8,0,8,1,8
L,4,8,6,6,4,6,5,1,9,7,2,10,0,6,3,8
C,8,11,5,6,2,7,8,6,7,11,6,9,2,9,5,9
H,3,6,3,4,3,8,8,12,1,7,5,8,3,8,0,8
I,3,8,4,6,2,7,7,0,6,13,6,8,0,8,1,8
I,2,9,2,7,2,7,7,0,8,7,6,9,0,8,3,8
Y,8,14,7,8,4,5,9,4,3,10,8,5,4,10,4,4
X,1,0,2,0,0,7,7,4,4,7,6,8,2,8,4,8
Y,6,11,6,8,2,3,12,5,6,13,12,6,2,11,2,6
I,1,4,2,3,1,7,7,0,7,13,6,8,0,8,1,8
L,4,9,6,7,3,4,2,8,7,1,2,3,1,6,1,6
H,5,9,5,4,3,5,9,3,6,9,8,9,5,7,3,7
I,0,1,0,1,0,7,7,4,4,7,6,8,0,8,0,8
G,2,5,3,3,2,6,7,6,6,6,6,11,2,9,4,9
H,4,9,4,6,2,7,8,15,1,7,5,8,3,8,0,8
O,4,8,5,6,2,7,8,8,8,7,7,8,3,8,4,8
Y,2,2,3,3,1,7,10,1,7,7,11,8,1,11,2,8
D,4,6,4,4,3,6,7,8,7,8,8,7,2,9,3,8
Y,2,1,4,2,1,6,10,2,7,8,11,8,1,11,2,7
G,3,5,4,4,2,6,7,6,6,10,7,10,2,9,4,10
I,2,6,3,4,1,7,7,0,7,13,6,8,0,8,1,8
H,4,8,4,5,2,7,9,15,1,7,4,8,3,8,0,8
O,3,4,4,3,2,7,7,6,4,9,6,8,2,8,2,8
G,4,4,5,7,2,7,7,8,8,6,6,11,1,8,5,11
I,7,12,5,7,3,10,5,4,5,12,3,7,3,8,5,10
I,3,7,4,5,2,7,7,0,7,13,6,8,0,8,1,7
K,8,13,8,8,4,8,7,3,6,9,7,8,6,11,4,7
L,4,10,5,8,3,0,2,4,6,1,0,8,0,8,0,8
D,6,9,5,5,4,7,7,4,6,10,5,7,5,9,6,6
D,4,8,6,6,8,9,8,5,4,7,6,6,4,8,8,6
I,1,3,2,2,0,7,7,1,7,13,6,8,0,8,1,8
D,7,11,9,8,8,6,7,7,5,7,7,6,4,7,4,8
K,9,12,9,6,5,8,7,3,6,10,7,9,6,12,4,9
O,3,7,4,5,2,7,9,9,7,8,8,7,3,8,4,8
Y,6,8,7,10,8,10,12,5,4,6,7,7,5,11,8,5
H,3,6,4,4,2,7,7,14,0,7,6,8,3,8,0,8
Y,5,10,8,8,4,10,11,2,8,3,11,8,1,11,2,9
I,3,7,4,5,2,7,7,0,7,13,6,8,0,8,1,7
I,4,7,5,5,3,8,6,2,7,7,6,7,0,9,4,7
Y,5,11,7,8,1,8,11,2,2,7,13,8,1,11,0,8
T,6,11,6,8,4,4,12,3,7,12,10,4,1,11,2,4
I,3,8,4,6,2,7,7,0,8,14,6,8,0,8,1,7
O,8,11,8,9,8,8,6,8,4,9,5,8,3,9,3,8
I,4,7,5,5,3,8,8,2,8,7,6,7,0,8,4,7
K,4,9,5,6,2,3,8,8,2,7,5,11,4,8,3,10
Y,4,7,6,11,9,8,9,3,2,6,8,9,6,13,10,6
D,6,10,8,7,7,7,7,5,6,7,7,8,7,7,3,8
O,5,10,5,8,4,8,7,8,5,10,5,8,3,8,3,8
D,4,8,5,6,3,9,7,4,7,11,4,5,3,8,3,8
K,3,6,5,4,3,3,9,2,6,10,11,11,3,8,2,6
O,1,0,2,0,0,7,7,6,4,7,6,8,2,8,3,8
H,2,1,3,1,2,7,8,6,6,7,6,10,3,8,3,9
X,5,9,7,7,3,7,8,1,9,10,6,8,3,8,4,7
L,5,11,6,9,4,4,4,1,9,6,1,10,0,6,3,6
D,1,3,2,2,1,8,7,5,5,9,5,6,2,8,3,8
I,1,6,0,8,0,7,7,4,4,7,6,8,0,8,0,8
G,4,7,4,5,3,6,6,6,5,10,7,13,2,9,4,10
I,3,8,4,6,2,7,7,0,8,14,6,8,0,8,1,8
Y,9,10,9,8,5,3,10,3,6,12,12,7,2,11,2,5
Y,3,6,4,4,2,3,11,2,7,11,10,6,1,11,2,5
Y,4,10,5,7,1,7,11,2,3,7,12,8,1,11,0,8
I,4,10,5,8,2,7,7,0,9,14,6,8,0,8,1,8
H,9,13,8,7,5,5,8,5,4,9,10,10,7,11,5,9
Y,2,3,3,1,1,8,11,1,6,5,11,9,1,11,1,8
Y,6,7,6,5,4,5,9,1,8,9,9,5,2,9,4,4
L,4,9,6,6,3,7,3,1,8,8,2,10,2,5,4,7
G,2,1,3,1,1,6,7,5,5,6,6,9,2,9,4,8
I,6,14,5,8,3,7,9,2,6,14,5,6,1,8,5,8
D,2,3,3,2,2,9,6,3,5,10,4,6,2,8,2,8
K,3,5,4,4,3,5,6,4,7,7,7,11,3,9,5,10
K,5,6,7,4,3,9,7,2,7,11,3,7,3,8,3,9
I,6,10,5,6,3,10,6,4,6,14,3,6,2,9,4,11
D,4,9,6,7,6,9,7,4,6,10,5,5,3,8,3,8
Y,3,7,5,5,4,8,6,6,5,5,8,8,2,8,9,5
I,4,9,5,7,3,9,6,0,7,13,5,8,0,8,1,8
K,9,13,10,7,6,4,9,4,6,10,10,11,5,8,4,6
K,4,4,4,5,2,3,7,8,2,7,5,11,4,8,2,11
H,4,8,4,5,2,7,7,15,1,7,6,8,3,8,0,8
G,4,8,6,6,6,7,7,6,3,6,6,9,4,8,7,8
I,5,9,6,6,4,5,7,3,7,7,6,12,0,8,4,9
L,2,8,3,6,2,3,5,2,8,3,0,9,0,7,1,6
K,4,4,6,3,3,5,8,2,7,10,8,9,3,8,2,7
K,6,10,9,7,7,4,8,2,7,10,10,11,4,7,4,6
O,4,9,4,7,4,8,5,7,4,10,5,10,4,8,4,7
I,1,6,3,4,3,9,6,3,4,7,6,5,3,8,5,5
I,0,0,0,0,0,7,7,4,4,7,6,8,0,8,0,8
H,5,10,5,7,3,7,7,15,1,7,6,8,3,8,0,8
L,4,9,4,4,2,8,5,3,5,12,7,11,2,8,6,8
I,3,6,4,4,2,6,9,0,6,13,7,7,0,8,1,7
G,4,3,5,5,2,8,5,7,9,7,4,11,1,9,5,10
L,1,3,3,2,1,7,4,1,7,8,2,10,0,7,2,8
O,2,4,3,2,2,7,7,7,5,9,6,8,2,8,3,8
H,6,6,6,8,3,7,8,15,0,7,5,8,3,8,0,8
X,5,8,7,6,3,7,8,1,8,10,6,8,3,8,4,7
Y,2,4,4,3,1,7,11,1,7,7,11,8,1,11,2,8
I,4,9,4,5,2,6,11,3,4,13,6,4,1,9,5,8
I,3,8,4,6,2,7,7,0,9,14,6,8,0,8,1,8
H,5,8,7,6,8,7,6,5,5,6,6,7,8,7,8,9
Y,2,4,4,3,2,6,10,1,7,8,11,8,1,11,2,7
D,5,11,7,8,8,7,7,4,8,6,6,6,3,8,3,7
H,3,7,4,4,2,7,7,14,1,7,6,8,3,8,0,8
Y,9,12,8,6,5,7,5,4,5,9,9,5,4,10,4,5
Y,1,0,2,1,0,7,10,3,1,7,13,8,1,11,0,8
K,7,9,10,7,7,7,7,1,6,10,5,9,3,8,4,9
H,3,4,5,3,3,5,9,3,5,10,8,8,3,9,3,7
H,9,12,9,7,6,10,6,4,5,11,2,7,6,7,5,8
O,2,4,3,3,2,7,7,6,4,9,7,7,2,8,3,8
I,3,10,4,8,2,7,7,0,8,13,6,8,0,8,1,8
I,1,6,0,4,0,7,7,5,3,7,6,8,0,8,0,8
L,1,3,2,1,0,6,4,1,7,8,2,10,0,7,2,9
Y,9,11,9,8,4,5,9,1,10,10,10,4,2,13,5,3
I,1,8,2,6,2,7,7,0,7,7,6,8,0,8,2,8
H,2,1,3,2,2,7,7,6,6,7,6,8,3,8,4,8
I,5,8,6,9,6,7,8,5,6,7,7,7,3,9,9,9
K,5,9,8,7,5,2,8,2,7,11,12,12,3,8,3,5
D,2,3,3,2,2,7,7,6,6,7,6,6,2,8,3,7
K,7,11,9,8,5,6,7,2,7,10,7,10,4,8,4,8
O,1,3,2,2,1,8,7,5,3,9,6,8,2,8,2,8
I,1,3,2,1,0,7,7,1,6,13,6,8,0,8,0,8
H,4,4,5,5,2,7,10,15,2,7,2,8,3,8,0,8
Y,2,7,4,4,1,6,10,2,2,7,12,8,1,11,0,8
K,4,8,6,6,4,5,7,4,8,7,6,10,4,8,5,9
H,3,4,5,3,3,7,7,3,6,10,6,8,3,8,3,8
D,1,1,2,1,1,6,7,8,6,6,6,6,2,8,3,8
O,1,3,2,1,1,8,7,6,4,7,6,8,2,8,2,8
Y,8,11,8,8,4,2,11,3,6,12,12,7,1,11,2,5
O,4,5,5,4,3,7,7,8,5,7,6,8,2,8,3,8
K,3,2,4,3,3,5,7,4,7,7,6,10,6,8,4,9
Y,4,6,6,4,5,8,5,6,5,8,7,8,5,8,4,6
O,4,6,4,4,3,8,6,7,4,9,5,8,3,8,3,8
I,4,9,5,7,3,9,6,0,7,13,5,9,0,8,1,8
I,0,7,0,5,0,7,7,4,4,7,6,8,0,8,0,8
Y,3,4,5,5,1,7,11,2,2,9,12,7,1,10,0,8
X,7,15,8,8,5,6,8,2,8,11,7,8,4,9,4,6
I,0,6,0,4,0,7,7,4,4,7,6,8,0,8,0,8
I,2,11,2,8,4,7,7,0,7,7,6,8,0,8,2,8
O,3,4,4,3,2,7,7,6,4,9,6,8,2,8,3,7
I,5,12,5,7,3,9,8,3,6,13,4,5,2,8,5,10
H,5,9,8,7,8,7,7,6,6,7,6,8,3,8,3,8
L,3,7,4,5,2,6,4,2,8,7,2,10,0,7,2,8
Y,4,5,5,4,2,4,12,3,7,12,10,4,1,11,2,5
Y,4,11,6,8,3,6,11,2,3,8,12,8,1,11,0,8
G,5,11,6,8,7,7,8,6,2,6,6,10,4,8,7,7
L,2,3,4,2,1,7,3,1,6,8,2,10,1,6,3,8
O,3,8,4,6,3,8,7,8,6,7,5,9,3,8,3,7
L,3,4,3,6,1,0,1,6,6,0,0,6,0,8,0,8
H,5,8,7,6,7,6,7,6,6,7,6,10,3,8,3,9
Y,3,9,5,7,2,7,10,1,3,7,12,8,1,11,0,8
L,2,5,4,4,2,6,4,1,8,8,2,10,0,7,2,8
G,6,11,8,8,9,8,4,5,4,7,5,11,7,9,6,13
L,5,11,7,8,5,5,3,6,8,2,2,4,1,6,1,5
H,1,0,2,0,0,7,8,11,1,7,5,8,3,8,0,8
G,5,7,6,5,3,6,7,6,6,10,8,8,2,9,5,9
K,5,7,8,5,4,7,8,2,7,10,6,8,3,8,3,7
O,9,14,6,8,4,7,6,5,6,8,3,8,6,8,6,8
L,8,11,7,6,3,11,1,3,4,12,3,11,2,9,4,10
X,2,7,3,4,1,7,7,4,4,7,6,8,3,8,4,8
Y,4,8,6,12,11,9,7,4,2,6,7,9,5,11,8,9
X,3,8,5,6,4,7,7,3,8,6,6,8,3,8,6,7
C,2,2,3,4,2,6,8,7,7,8,8,13,1,9,4,10
I,2,5,4,4,2,7,7,0,8,14,6,8,0,8,1,7
Y,2,1,3,1,0,7,10,3,1,7,12,8,1,11,0,8
I,1,8,0,6,0,7,7,4,4,7,6,8,0,8,0,8
H,5,11,5,8,5,7,8,14,1,7,5,8,3,8,0,8
C,3,8,4,6,2,6,8,7,10,6,7,12,1,7,4,9
I,1,5,2,4,1,7,7,0,7,13,6,8,0,8,1,8
H,1,0,1,0,0,7,7,10,2,7,6,8,2,8,0,8
H,2,3,4,2,2,7,7,2,5,10,5,8,3,7,2,8
Y,3,6,5,4,2,7,11,1,7,7,11,8,1,11,2,8
I,1,3,1,1,0,8,7,1,7,13,6,8,0,8,0,8
Y,5,9,5,7,3,3,11,3,6,11,12,6,1,11,2,6
H,7,11,9,8,8,8,7,2,6,10,5,8,4,9,4,8
Y,3,4,5,6,1,7,10,2,2,7,13,8,1,11,0,8
H,5,9,6,4,4,4,9,3,4,10,9,9,4,8,4,6
O,4,9,5,7,5,8,9,8,4,7,8,7,4,7,4,9
H,3,7,4,5,2,7,8,14,1,7,6,8,3,8,0,8
G,3,4,4,3,2,7,6,7,5,6,6,10,3,8,4,9
O,8,15,6,8,4,5,7,6,3,10,7,9,5,9,5,8
K,4,5,7,4,4,3,8,2,7,10,10,11,3,8,3,6
D,2,3,4,2,2,9,6,4,6,10,4,6,2,8,3,8
I,1,4,1,3,1,7,7,1,7,7,6,9,0,8,2,8
I,1,9,0,6,1,7,7,5,3,7,6,8,0,8,0,8
H,4,6,6,4,6,8,8,4,3,6,6,7,7,9,7,8
H,1,1,2,1,1,7,7,11,1,7,6,8,3,8,0,8
Y,2,7,4,4,1,8,11,1,3,6,12,8,1,10,0,8
O,5,10,6,8,5,8,6,9,4,7,5,8,3,8,3,8
Y,7,9,8,7,4,2,10,3,7,12,12,7,1,11,2,5
I,0,1,0,1,0,7,7,4,4,7,6,8,0,8,0,8
G,3,6,4,4,4,7,8,5,3,6,6,10,3,8,6,8
H,6,11,6,8,6,7,9,14,2,7,4,8,3,8,0,8
Y,1,1,2,1,0,7,10,2,2,7,12,8,1,11,0,8
H,2,4,3,2,2,6,7,5,6,7,6,8,3,8,3,8
G,3,11,5,8,4,7,7,7,7,8,4,12,2,9,6,10
L,2,4,2,3,1,3,4,3,7,3,1,7,0,7,1,6
O,7,12,5,7,3,8,7,6,5,9,4,7,5,9,5,8
I,1,8,0,5,0,7,7,4,4,7,6,8,0,8,0,8
G,8,11,7,6,4,7,6,6,5,9,5,6,4,7,5,7
O,7,11,10,8,12,8,8,6,2,7,7,8,10,9,7,11
I,0,0,0,0,0,7,7,4,4,7,6,8,0,8,0,8
O,5,11,7,8,6,7,7,8,5,6,7,11,6,7,5,7
O,5,10,4,5,3,7,7,5,4,7,4,7,5,8,5,8
H,6,11,6,8,3,7,7,15,0,7,6,8,3,8,0,8
O,1,0,1,1,0,7,7,7,5,7,6,8,2,8,3,8
X,5,10,8,8,5,7,7,4,9,6,6,10,3,8,7,8
I,1,5,0,7,0,7,7,4,4,7,6,8,0,8,0,8
L,6,11,6,6,3,6,6,5,5,12,9,11,3,10,6,9
I,3,4,4,5,3,7,8,4,5,7,8,7,2,9,8,9
Y,8,11,8,8,5,3,11,3,7,12,11,6,1,11,2,5
Y,7,9,6,5,3,4,7,5,3,9,11,6,4,10,3,4
G,5,10,6,7,5,6,5,6,7,6,6,10,3,9,4,7
I,1,7,0,4,0,7,7,4,4,7,6,8,0,8,0,8
I,4,11,6,8,3,7,7,0,8,14,6,8,0,8,1,8
K,4,6,6,4,4,8,6,1,6,10,5,9,4,7,5,8
L,4,5,5,4,4,8,6,4,5,7,7,8,2,8,7,10
H,7,10,10,8,8,6,8,3,6,10,8,8,4,9,4,7
I,2,10,5,8,5,10,7,2,5,9,5,5,3,8,6,7
D,8,12,8,6,5,7,5,4,7,8,4,6,5,7,6,9
K,3,4,6,3,3,6,7,2,7,10,7,10,3,8,3,7
K,3,3,4,5,2,3,6,7,3,7,7,12,3,8,3,10
I,0,3,0,4,0,7,7,4,4,7,6,8,0,8,0,8
O,3,7,4,5,2,8,8,8,6,6,7,9,3,8,4,8
G,3,4,4,7,2,6,5,8,8,6,5,10,1,8,6,11
D,2,1,2,2,1,6,7,9,6,6,6,6,2,8,3,8
C,6,11,5,6,3,7,8,4,3,8,8,10,4,8,7,11
H,10,12,9,7,5,7,7,5,5,8,9,8,7,11,5,9
D,6,10,8,8,7,7,7,7,5,7,6,6,4,8,3,7
Y,1,0,2,0,0,7,10,1,3,7,12,8,1,11,0,8
I,2,10,2,8,3,7,7,0,7,7,6,8,0,8,3,8
H,8,11,12,8,10,9,6,3,6,10,4,8,5,7,5,8
D,2,4,3,3,2,8,7,5,6,9,5,5,2,8,3,7
I,3,9,4,7,3,7,8,0,7,13,6,8,0,8,1,8
I,6,9,8,7,4,6,7,2,7,7,6,11,0,8,4,8
H,4,7,5,5,4,8,7,6,6,7,6,9,6,8,3,8
D,5,11,5,8,3,5,8,11,9,7,7,5,3,8,4,8
D,5,10,7,7,5,10,6,4,7,11,3,6,4,6,4,8
C,3,2,4,4,2,6,8,7,7,8,7,13,1,9,4,10
D,4,8,6,6,5,7,8,8,6,9,7,4,4,9,3,7
D,6,10,8,8,6,9,6,5,8,10,3,6,3,8,4,8
L,4,9,5,6,2,7,4,0,9,9,2,10,0,7,2,8
C,6,10,8,7,5,7,7,8,7,7,6,11,4,8,4,9
G,2,3,2,2,1,6,7,5,4,9,7,9,2,9,4,9
O,5,8,5,6,5,8,6,7,3,9,5,7,3,8,3,7
I,3,8,5,6,3,7,7,0,7,13,6,8,0,8,1,8
H,7,12,6,6,4,8,8,3,4,9,6,7,6,9,5,9
D,2,4,4,3,2,8,7,4,6,10,5,6,2,8,3,8
Y,4,10,6,8,6,9,3,7,5,7,8,8,3,10,5,4
I,0,3,1,1,0,7,7,1,6,13,6,8,0,8,0,7
O,5,9,4,4,3,6,8,6,4,9,8,9,4,9,4,8
K,1,1,1,1,0,4,6,6,2,7,6,10,3,8,2,10
O,5,8,7,6,5,7,8,8,5,6,7,11,4,8,4,8
O,4,8,6,6,5,8,7,8,4,7,6,7,3,8,3,7
D,6,14,6,8,5,8,6,4,6,9,5,7,5,9,7,6
Y,3,5,4,4,2,4,10,2,7,11,11,6,1,11,2,5
Y,4,8,7,6,3,7,10,1,8,6,12,9,3,9,2,8
H,5,10,7,8,7,8,8,7,6,7,6,7,3,8,3,7
H,3,6,4,4,3,7,6,12,1,7,7,8,3,8,0,8
C,4,9,6,6,7,7,7,4,3,6,7,10,8,10,6,6
Y,7,7,6,10,4,9,7,6,6,4,11,7,5,10,3,7
D,3,5,5,4,3,9,6,4,7,9,4,6,2,8,3,8
H,3,4,6,3,3,8,7,3,6,10,5,8,3,8,3,7
I,1,7,2,5,1,7,7,0,8,7,6,8,0,8,3,8
K,3,7,5,6,5,6,8,3,4,7,4,9,5,3,4,9
I,4,5,6,5,4,8,9,4,6,7,7,8,3,8,8,8
D,9,15,8,8,6,8,6,3,7,10,5,6,6,7,9,6
Y,4,5,5,4,2,3,11,3,6,12,11,6,1,11,2,5
I,7,10,9,8,5,6,8,2,8,7,6,10,0,7,4,8
Y,4,10,6,7,1,8,10,2,2,6,13,8,1,11,0,8
K,3,5,5,3,2,5,8,1,7,10,8,10,3,8,3,7
H,5,9,7,7,7,7,7,5,7,7,6,7,6,8,4,7
Y,4,7,6,5,3,9,10,1,7,3,11,8,1,11,2,9
D,10,15,9,8,6,9,5,4,7,9,5,7,6,10,6,8
Y,6,9,6,6,3,2,11,4,6,13,12,6,1,11,2,5
K,4,5,5,4,3,4,7,5,8,7,6,13,3,8,5,9
Y,3,4,5,6,1,8,10,2,2,6,13,8,2,11,0,8
G,5,10,6,8,8,9,6,5,2,7,6,10,8,8,5,10
K,3,5,5,4,3,6,7,1,7,10,7,10,3,8,3,8
O,6,9,8,8,7,7,5,4,5,9,3,7,4,8,6,9
Y,3,4,5,6,4,9,10,7,4,7,7,6,4,10,5,5
Y,3,4,5,6,1,6,10,3,2,9,13,8,1,11,0,8
G,7,12,6,6,4,7,8,4,3,9,5,6,3,9,10,7
O,2,1,3,2,1,7,7,7,6,7,6,8,2,8,3,8
C,5,7,5,5,2,5,9,6,8,12,9,10,2,10,3,7
K,5,9,7,7,5,6,7,5,7,6,6,10,4,8,5,9
G,4,6,5,4,3,5,9,5,5,10,8,7,2,8,5,9
O,5,9,4,4,2,9,7,5,4,9,4,8,4,9,5,9
Y,7,9,7,6,3,3,12,5,5,13,11,5,1,11,2,6
J,1,7,2,5,1,13,3,8,4,13,4,12,1,6,0,8
H,5,6,7,4,4,4,10,3,6,10,10,9,3,8,3,6
G,6,11,6,6,3,7,7,6,5,9,6,6,4,7,5,6
K,11,15,10,8,5,4,8,5,8,9,12,12,6,11,3,6
O,5,5,7,8,3,7,5,9,9,6,4,7,3,8,4,8
C,2,5,3,4,2,6,8,7,7,8,8,13,1,9,4,10
H,8,10,8,5,5,8,7,3,5,10,5,7,6,9,4,8
Y,7,10,7,8,4,3,10,2,7,11,11,7,1,11,3,5
K,6,10,8,8,9,6,5,5,4,6,6,8,4,5,9,10
D,4,8,6,6,4,8,7,5,7,11,5,5,3,8,3,8
K,3,7,5,5,5,5,6,3,4,6,5,9,5,7,8,7
H,5,9,7,6,7,8,8,6,7,7,6,9,6,8,4,7
I,4,7,6,8,6,9,8,5,5,7,5,7,3,8,9,8
Y,2,3,3,4,0,8,11,1,3,5,11,8,0,10,0,8
X,5,9,7,7,4,6,8,1,8,10,8,9,3,8,3,6
L,2,7,3,5,2,4,4,6,7,2,2,5,1,6,1,6
D,4,9,6,7,4,9,7,5,7,10,4,5,3,8,3,8
O,7,9,5,5,3,6,8,5,4,8,4,6,5,9,5,7
I,3,11,3,8,4,7,7,0,8,7,6,8,0,8,3,8
Y,4,11,7,8,1,9,10,3,2,6,13,8,2,11,0,8
X,3,7,4,5,2,8,7,4,4,7,6,8,2,8,4,8
H,4,6,5,4,5,7,7,5,6,7,6,7,6,8,3,8
H,3,5,4,7,2,7,8,15,1,7,5,8,3,8,0,8
G,4,5,6,4,5,8,9,5,3,7,7,10,6,10,6,9
K,6,10,5,5,3,7,8,3,6,9,9,9,6,11,3,6
L,1,0,2,1,0,2,1,6,5,0,2,4,0,8,0,8
C,4,9,5,7,4,6,8,6,8,7,6,13,1,8,4,9
C,6,9,8,8,8,5,9,4,6,6,6,11,4,11,8,9
I,1,8,0,5,0,7,7,4,4,7,6,8,0,8,0,8
X,6,10,8,8,7,7,6,3,5,6,6,8,3,9,10,9
Y,4,6,6,8,1,7,11,2,3,7,12,8,1,11,0,8
Y,2,4,4,5,1,7,10,2,2,7,13,8,1,11,0,8
O,2,7,3,5,3,7,7,7,4,7,5,8,3,8,2,8
H,3,6,4,4,3,7,8,12,1,7,4,8,3,8,0,8
K,8,15,9,9,6,6,8,3,6,10,9,10,6,11,4,8
Y,6,9,5,4,2,5,9,4,4,11,9,6,4,10,4,4
O,3,6,4,4,3,8,8,7,4,7,7,7,3,8,2,8
Y,3,10,5,7,1,8,11,1,3,6,12,8,1,11,0,8
Y,4,6,6,8,8,9,8,4,2,6,8,9,4,11,7,8
H,5,7,8,5,6,9,7,3,7,10,3,7,5,8,4,9
O,2,1,2,2,1,8,7,7,5,7,6,8,2,8,3,8
D,5,11,7,9,11,9,8,5,5,7,6,6,5,7,12,6
Y,4,5,5,3,2,4,10,2,8,11,10,5,1,11,3,4
I,1,1,0,2,0,7,7,1,7,7,6,8,0,8,2,8
I,1,11,0,8,0,7,7,4,4,7,6,8,0,8,0,8
I,5,12,5,6,3,6,11,3,5,13,6,4,1,8,5,8
O,5,10,5,8,4,8,7,8,5,10,6,8,3,8,3,8
H,6,7,9,5,6,9,7,3,6,10,4,7,5,7,4,9
L,5,8,7,7,6,7,7,4,5,6,7,9,3,9,8,7
D,3,7,3,5,3,5,7,8,6,6,5,7,2,8,3,8
H,5,10,6,7,3,7,7,15,0,7,6,8,3,8,0,8
O,6,11,7,8,7,7,8,8,4,9,8,8,3,8,3,8
O,5,11,4,6,3,4,9,6,4,9,9,8,3,9,4,8
X,4,8,5,5,1,7,7,4,4,7,6,8,3,8,4,8
C,2,3,2,2,1,6,8,6,7,8,7,12,1,9,3,10
L,1,3,3,2,1,6,4,1,7,7,2,10,0,7,2,8
K,4,9,6,7,4,5,7,5,7,6,6,10,4,8,5,9
Y,3,9,5,6,3,7,9,1,6,6,11,8,2,11,2,7
I,3,7,4,5,1,7,9,0,7,14,6,6,0,9,2,7
O,1,3,2,1,1,8,7,6,4,9,5,8,2,8,2,8
H,2,4,3,3,2,6,7,5,6,7,6,8,6,8,3,8
K,10,15,10,8,6,5,8,3,6,10,9,10,6,9,4,7
K,3,2,4,3,2,5,7,4,8,7,6,11,3,8,5,9
L,4,11,6,8,4,5,3,3,9,6,1,8,1,6,3,6
I,4,9,4,4,2,8,8,2,5,13,5,5,2,9,4,9
I,3,7,4,5,2,9,6,0,7,13,5,9,0,8,1,8
Y,3,2,5,4,2,5,10,1,7,9,11,9,1,11,2,7
I,2,8,3,6,2,6,8,0,6,13,7,7,0,8,1,7
Y,5,6,6,4,3,3,10,2,7,11,11,6,1,10,2,4
H,4,3,4,4,2,7,7,14,0,7,6,8,3,8,0,8
D,2,1,3,1,2,7,7,6,7,7,6,5,2,8,3,7
Y,9,9,7,13,5,7,11,2,3,9,10,5,4,10,6,8
D,3,4,4,3,3,7,7,7,6,7,6,4,2,8,3,7
Y,4,6,4,4,2,4,9,3,6,10,11,6,2,11,2,5
H,3,3,5,2,3,7,8,2,6,10,7,7,4,10,3,7
K,6,9,9,8,8,8,6,2,4,7,4,9,7,4,9,12
Y,3,7,5,5,2,7,10,2,2,7,12,8,1,11,0,8
Y,1,0,1,0,0,7,10,2,2,7,12,8,1,11,0,8
O,5,11,6,8,6,7,6,7,4,10,6,10,5,8,4,6
O,4,9,3,4,2,6,9,5,3,8,5,6,4,9,5,8
I,1,10,0,7,0,7,7,4,4,7,6,8,0,8,0,8
I,5,8,6,6,3,7,5,2,7,7,7,9,1,10,4,8
O,4,9,6,7,3,8,7,9,8,7,5,8,3,8,4,8
I,3,10,4,7,3,8,7,0,7,13,6,8,0,8,1,8
H,7,11,9,9,9,6,7,7,4,6,5,7,3,7,7,10
K,3,6,4,4,5,7,8,3,4,6,6,8,7,8,6,8
G,3,4,4,6,2,7,7,8,7,6,6,9,2,7,6,10
O,1,3,2,2,1,8,6,6,3,9,6,8,2,8,2,8
I,2,8,3,6,2,8,7,0,7,13,6,8,0,8,1,8
D,5,10,7,8,7,9,7,6,6,8,5,5,5,9,4,10
L,2,4,4,3,1,6,4,1,8,8,2,10,0,7,2,8
Y,2,3,2,2,1,4,11,2,6,11,10,5,1,10,1,5
J,2,5,4,4,2,7,7,3,6,15,7,10,1,6,1,7
D,4,8,6,6,5,7,7,7,6,6,5,5,3,8,3,7
I,2,5,3,3,1,7,8,1,7,14,6,7,0,8,1,7
I,4,5,5,6,5,7,10,4,5,8,7,8,4,7,6,6
G,5,11,4,6,3,7,9,4,4,9,6,5,3,9,8,7
H,4,8,6,6,8,7,6,5,3,6,6,8,7,7,9,9
G,5,8,7,7,8,8,9,5,3,7,6,8,7,11,8,9
Y,1,1,2,1,1,9,11,1,6,6,11,7,1,11,1,8
H,3,7,4,5,4,7,7,5,6,7,6,8,3,8,3,8
I,4,9,4,5,2,8,8,2,5,13,5,5,1,9,5,10
O,5,11,5,9,6,8,7,8,3,9,6,7,3,8,3,8
K,3,4,4,6,2,3,7,7,2,7,5,11,3,8,3,10
O,5,11,6,8,6,8,7,9,4,7,6,7,3,8,3,8
O,3,6,4,4,2,7,7,7,5,10,6,8,3,8,3,8
H,3,7,4,5,3,7,7,13,1,7,7,8,3,8,0,8
H,5,10,7,8,8,7,7,6,7,7,6,9,3,8,4,8
O,1,1,2,2,1,7,7,6,4,7,6,8,2,8,2,8
X,3,5,5,3,2,5,9,2,8,11,10,9,2,9,3,6
K,4,4,4,6,2,3,7,8,2,7,6,11,4,8,2,11
H,3,8,5,6,7,8,6,4,3,7,6,7,6,7,8,9
L,6,10,6,5,3,7,5,4,4,12,9,12,3,9,6,9
Y,6,9,5,5,3,7,7,3,5,9,7,6,3,10,4,5
I,6,8,7,10,7,8,9,4,5,7,7,8,3,7,9,7
O,2,3,3,2,2,7,8,6,4,9,6,8,2,8,2,8
O,2,4,3,3,2,8,7,6,3,9,6,8,2,8,2,8
X,4,9,6,7,4,8,7,4,9,6,6,6,3,8,7,7
Y,3,7,5,5,2,8,10,1,2,6,12,8,1,11,0,8
G,4,6,6,4,5,7,9,6,3,6,6,10,4,7,7,7
D,5,11,6,8,5,9,7,5,7,10,4,5,3,8,3,8
I,4,11,5,8,3,7,7,0,8,14,6,8,0,8,1,8
H,3,6,4,4,3,7,8,7,5,8,5,7,3,7,5,11
B,6,10,8,7,6,11,5,3,7,11,3,7,3,8,6,12
H,5,11,5,8,3,7,9,15,2,7,3,8,3,8,0,8
L,3,4,3,3,1,4,4,4,8,2,1,6,0,7,1,6
H,6,11,8,8,9,6,8,6,7,7,6,10,6,8,4,8
K,5,11,6,8,3,4,8,9,2,7,4,11,4,8,2,11
D,1,0,1,0,0,6,7,6,4,7,6,6,2,8,2,8
I,3,5,5,6,4,8,8,4,4,7,6,8,3,7,8,8
I,7,14,6,8,4,10,7,2,5,11,5,6,2,9,5,12
D,2,4,4,3,2,9,7,4,6,10,4,6,2,8,3,8
O,6,10,8,8,5,7,7,8,4,6,6,11,5,8,5,6
I,3,5,5,6,4,8,7,4,6,6,6,7,3,9,8,9
I,3,9,5,6,2,7,9,0,8,14,6,5,0,9,2,7
Y,2,3,4,5,1,7,10,1,3,7,12,8,1,11,0,8
O,4,9,6,6,4,7,6,8,5,7,4,8,3,8,3,8
K,5,7,7,6,6,10,5,3,3,10,3,8,5,7,6,12
K,3,4,5,3,2,5,7,2,7,10,8,10,3,8,3,7
Y,3,7,5,5,2,10,11,2,2,5,12,8,1,11,0,8
O,9,14,6,8,5,5,7,7,4,10,7,10,5,10,5,8
Y,3,7,4,5,2,8,10,2,2,6,12,8,2,11,0,8
H,7,9,10,7,7,6,8,3,7,10,9,9,8,9,6,6
K,4,2,5,3,3,6,7,4,8,7,6,10,6,8,5,9
K,7,11,10,9,7,6,7,2,7,10,7,10,4,8,4,7
I,0,7,0,4,0,7,7,4,4,7,6,8,0,8,0,8
H,2,1,2,2,2,7,8,5,5,7,6,8,3,8,2,8
H,2,2,3,3,2,6,7,6,6,7,6,10,3,8,3,9
D,4,6,5,4,4,10,5,3,6,10,3,7,3,7,3,8
Y,1,0,2,0,0,7,9,3,1,7,12,8,1,11,0,8
I,3,7,4,5,2,9,6,0,7,13,5,8,0,8,1,8
G,4,5,5,8,2,7,6,8,9,6,5,11,1,8,6,11
G,4,7,4,5,3,7,6,6,6,10,7,11,2,10,4,10
I,8,13,7,7,4,9,7,3,6,12,4,5,3,8,6,11
O,4,9,5,7,4,7,7,8,5,7,6,8,3,8,3,8
Y,6,7,6,5,2,3,12,5,5,13,12,6,2,11,2,6
D,2,1,3,3,2,7,7,6,6,6,5,5,2,8,3,7
H,8,11,12,8,10,9,6,3,7,10,5,8,6,8,5,8
Y,6,7,6,5,3,5,9,1,9,10,10,5,1,10,4,3
D,7,11,9,8,8,8,8,5,6,10,5,5,6,8,6,11
I,1,2,1,3,1,7,7,1,7,7,6,8,0,8,2,8
H,2,5,4,3,3,7,7,2,5,10,6,8,3,8,2,8
O,2,4,3,3,2,8,7,6,3,9,5,8,2,8,2,8
G,1,0,2,0,0,8,7,5,5,6,5,9,1,8,5,10
O,4,4,5,6,2,7,7,8,8,6,5,7,3,8,4,8
H,5,10,7,8,6,7,9,8,5,8,5,6,3,7,7,10
O,4,11,5,8,4,7,7,9,5,7,6,8,3,8,3,8
K,3,5,5,4,3,6,6,1,7,10,8,11,3,7,3,8
O,6,8,8,6,5,7,7,8,4,7,6,8,3,8,3,7
O,3,3,4,4,2,7,7,8,6,7,6,8,3,8,4,8
K,3,6,4,4,1,4,7,8,1,7,6,11,3,8,2,11
K,3,4,6,3,3,6,7,1,7,10,7,10,3,8,3,7
Y,6,12,5,6,3,4,9,4,2,10,9,6,3,9,3,4
H,4,5,7,4,4,6,7,3,7,11,9,9,5,8,5,6
K,3,6,4,4,4,6,7,3,6,6,5,9,3,8,4,9
I,1,3,2,2,0,7,8,1,6,13,6,8,0,8,0,8
H,4,8,4,5,2,7,8,15,1,7,5,8,3,8,0,8
G,6,9,5,4,3,7,8,6,6,10,5,6,4,7,5,7
O,6,10,8,8,5,8,10,9,6,8,8,5,5,8,5,9
I,0,0,0,0,0,7,7,4,4,7,6,8,0,8,0,8
A,4,9,6,7,4,13,2,4,2,11,1,8,3,7,3,9
T,2,1,2,1,0,8,15,1,4,6,10,8,0,8,0,8
Y,3,5,5,7,7,9,6,4,1,6,7,8,6,10,8,9
L,4,9,4,6,2,0,2,4,6,1,0,7,0,8,0,8
K,3,3,5,2,2,7,6,2,7,10,6,10,4,7,3,8
I,3,7,4,5,2,6,8,0,7,13,7,8,0,8,1,7
H,5,10,8,8,5,8,8,3,7,10,6,7,3,8,3,8
O,3,3,5,5,2,9,6,9,7,7,5,10,3,8,4,8
G,2,4,3,3,2,6,7,5,5,9,7,10,2,8,4,9
D,3,9,5,7,5,8,7,5,7,7,6,5,3,8,3,7
G,4,7,5,5,3,5,8,6,6,9,8,9,2,7,4,9
Y,3,6,4,4,0,8,10,3,2,6,13,8,1,11,0,8
D,4,2,5,3,3,7,7,6,7,6,6,5,5,8,3,7
O,4,7,5,5,3,8,8,8,5,7,7,6,3,8,4,8
O,3,6,5,4,3,8,8,8,4,7,6,5,3,8,3,7
O,4,7,6,5,4,7,6,8,5,7,4,8,3,8,3,8
C,4,7,4,5,3,4,7,5,6,11,9,14,1,9,3,9
K,5,9,8,7,5,8,6,1,7,10,3,9,5,6,6,10
D,4,11,6,8,4,8,8,8,8,8,7,2,3,7,4,8
G,7,10,7,8,5,6,8,6,6,10,8,9,3,7,6,9
K,2,1,2,1,0,4,7,6,2,7,6,11,3,8,2,10
I,4,10,6,8,4,7,7,0,8,13,6,8,0,8,1,8
O,7,10,7,7,6,8,6,7,5,10,5,11,5,7,5,6
I,2,7,3,5,1,7,8,0,7,13,6,7,0,8,1,7
G,3,6,3,4,2,7,7,6,6,10,7,11,2,9,4,10
Y,3,6,5,4,2,10,10,2,6,3,11,8,1,11,2,9
H,2,3,4,1,2,7,7,3,5,10,6,8,3,8,3,8
Y,8,15,7,8,4,6,8,5,3,10,9,5,4,10,4,4
H,3,4,5,2,2,7,6,3,5,10,6,9,3,7,3,8
Y,5,9,5,4,3,6,6,5,4,9,10,6,3,9,2,5
I,5,7,6,5,3,7,6,2,7,7,6,8,0,9,4,8
Y,5,10,8,8,5,8,10,1,7,4,11,8,1,11,2,8
Y,7,8,7,6,4,3,11,2,7,12,11,6,0,10,2,5
Y,6,8,6,6,3,4,10,3,7,11,11,6,1,11,3,4
Y,5,7,6,5,5,8,5,7,6,5,8,8,3,9,9,5
I,4,5,5,6,4,8,9,4,4,7,6,8,3,7,8,7
K,3,5,6,4,3,5,7,2,8,11,9,11,4,7,4,7
K,4,7,6,5,4,6,7,5,7,6,5,10,3,8,5,9
H,5,10,8,8,7,7,7,3,6,10,7,9,3,8,3,8
X,5,9,8,7,5,4,8,1,8,10,11,10,3,9,3,5
I,1,4,2,3,1,7,7,1,8,13,6,8,0,8,1,8
K,5,9,7,7,6,10,6,1,6,10,3,8,4,9,4,11
Y,3,5,5,4,2,8,11,1,7,5,11,9,1,11,2,9
H,5,10,7,7,9,8,7,4,3,6,7,8,8,8,8,8
Y,3,7,4,5,4,9,5,6,5,7,8,8,3,9,7,4
Y,3,9,6,6,1,5,11,3,2,10,12,7,1,11,0,8
L,3,8,4,6,2,7,3,0,9,9,2,11,0,7,2,8
Y,3,10,5,7,1,7,12,1,4,7,12,8,0,10,0,8
I,1,8,0,6,0,7,7,4,4,7,6,8,0,8,0,8
B,4,8,5,6,6,8,8,6,6,7,6,6,5,8,5,10
L,3,10,5,8,4,7,4,2,7,7,2,9,1,6,3,8
I,1,1,1,3,1,8,7,1,7,7,6,7,0,8,2,7
L,5,9,6,7,5,5,6,5,6,6,5,9,8,7,4,10
Y,3,10,5,7,1,7,10,2,2,7,13,8,1,11,0,8
D,2,4,3,3,2,8,7,4,5,9,4,5,2,8,2,8
L,4,10,6,7,4,8,4,0,8,10,3,10,0,7,3,9
L,2,7,4,5,5,7,8,2,4,6,7,10,5,11,6,5
H,3,3,5,2,2,7,8,3,5,10,7,8,3,8,3,7
I,3,8,5,6,3,8,6,2,7,7,6,7,0,9,4,7
H,6,11,8,8,9,6,7,6,7,7,7,10,6,8,4,9
O,2,4,3,2,1,8,7,7,5,7,6,8,2,8,3,8
D,2,4,4,3,2,9,6,4,6,10,5,6,2,8,2,9
I,1,6,0,4,0,7,7,5,3,7,6,8,0,8,0,8
I,4,10,6,8,7,10,8,2,6,9,4,4,4,8,7,4
O,5,5,7,4,4,8,5,4,5,8,4,8,3,8,4,8
I,0,6,0,4,0,7,7,4,4,7,6,8,0,8,0,8
I,1,11,0,8,1,7,7,5,3,7,6,8,0,8,0,8
D,3,7,5,5,4,7,7,7,4,6,5,6,3,8,3,7
K,2,3,2,1,2,6,7,4,6,6,6,10,3,8,4,9
O,2,1,2,1,1,8,7,6,5,7,6,8,2,8,3,8
K,5,10,6,7,2,4,7,9,2,7,6,12,3,8,3,11
K,5,8,7,6,5,3,9,2,6,10,11,11,3,8,3,6
Y,6,6,5,8,4,9,8,4,4,5,11,5,4,11,5,6
Y,3,9,5,6,2,9,11,1,3,5,11,8,1,10,0,8
G,7,9,10,8,11,7,7,6,3,7,7,8,8,10,9,9
L,5,6,6,6,5,8,9,3,6,6,6,9,3,9,7,9
D,3,9,4,6,3,6,7,11,9,7,6,6,3,8,4,8
D,5,8,7,6,5,10,5,2,7,11,3,7,4,7,3,9
X,1,1,2,1,0,8,7,3,4,7,6,8,2,8,4,8
I,1,4,1,3,1,7,7,1,8,7,6,9,0,8,3,8
I,5,9,7,6,4,7,6,2,7,7,6,9,0,9,4,8
K,7,9,9,6,7,9,5,1,7,10,3,9,8,5,7,10
K,5,10,8,7,5,3,8,2,7,10,11,12,4,7,4,5
O,4,7,4,5,3,8,6,6,3,10,5,10,3,8,2,8
D,3,6,5,4,6,9,8,4,5,7,6,6,4,8,8,5
H,4,7,5,5,4,8,8,6,7,6,5,9,3,8,3,8
Y,7,8,6,11,5,7,6,5,5,6,11,6,4,11,3,7
K,5,9,8,8,7,8,6,2,3,8,3,8,6,5,8,12
I,4,9,5,6,3,8,6,1,6,7,6,7,0,9,4,7
K,9,13,8,7,4,7,7,3,7,9,9,9,6,11,3,7
I,1,9,1,6,1,7,7,0,8,7,6,8,0,8,3,8
D,4,9,6,7,4,9,7,4,7,11,5,6,3,7,3,8
D,2,3,3,2,2,9,6,3,5,10,4,7,2,8,2,8
Y,5,11,6,8,7,9,5,6,5,7,8,7,3,9,8,3
D,2,5,4,3,3,9,6,3,5,10,4,6,3,7,3,8
K,4,8,6,6,3,7,7,1,7,10,6,9,3,8,4,8
O,4,9,5,6,4,7,7,8,6,7,3,8,3,8,3,8
Y,6,9,6,7,4,3,9,1,6,10,11,7,1,11,3,5
H,4,6,6,4,5,8,8,6,7,7,6,6,6,8,3,8
Y,3,4,4,3,2,4,10,2,7,10,10,6,2,11,4,3
H,6,9,8,7,7,6,7,5,5,7,6,8,6,7,7,11
G,10,14,8,8,5,8,8,5,4,9,6,6,4,9,9,8
G,4,8,5,6,3,6,7,6,6,10,8,10,2,9,4,9
C,7,10,5,6,2,5,10,5,8,11,8,9,2,8,5,8
K,3,6,5,4,3,6,7,1,7,10,7,10,3,8,3,8
O,3,4,4,3,2,8,7,7,5,7,6,8,2,8,3,8
O,4,7,4,5,4,8,7,7,4,9,5,8,3,8,3,8
L,5,5,5,7,1,0,0,7,6,0,1,4,0,8,0,8
O,2,1,3,2,1,7,7,7,6,7,6,8,2,8,3,8
K,1,0,1,0,0,4,6,5,2,7,6,11,2,8,2,10
D,3,7,5,5,4,8,7,3,5,10,5,6,3,8,3,8
I,1,3,1,1,0,8,7,1,7,13,6,8,0,8,0,8
O,5,7,7,6,5,7,5,5,5,9,5,9,3,6,5,6
G,5,10,6,7,3,7,5,8,10,7,5,12,1,9,5,10
L,9,13,7,7,4,9,2,4,4,12,5,13,2,7,6,9
D,1,0,1,0,0,6,7,7,5,7,6,6,2,8,3,8
Y,4,10,7,7,1,7,10,2,2,7,13,8,2,11,0,8
H,4,10,4,7,2,7,7,15,1,7,6,8,3,8,0,8
K,3,7,5,5,6,8,6,3,4,6,6,8,6,8,6,8
D,5,11,8,8,7,10,6,3,6,11,4,7,4,8,4,9
G,6,11,8,9,9,7,9,6,3,6,6,9,6,7,8,7
Y,2,3,4,4,2,7,10,1,7,7,11,8,1,11,2,8
I,2,11,2,8,3,7,7,0,7,7,6,8,0,8,3,8
H,5,11,7,8,10,8,7,4,3,6,6,7,7,8,9,8
Y,7,11,8,8,5,3,9,2,7,9,11,7,2,11,3,5
K,3,3,3,4,1,3,7,8,3,7,6,11,4,8,2,11
K,3,5,5,4,3,5,7,1,7,10,8,11,3,8,3,8
O,2,1,3,2,2,7,7,7,5,7,6,8,2,8,3,8
K,4,6,6,6,5,6,7,2,4,6,4,9,4,5,8,8
Y,5,8,5,6,2,4,11,3,8,12,11,4,1,10,2,4
Y,3,3,4,4,1,10,13,3,3,3,11,9,0,10,0,8
D,1,0,1,0,0,6,7,6,5,7,6,6,2,8,2,8
K,4,8,6,6,4,9,5,2,7,10,3,9,4,7,5,11
K,3,8,4,6,2,3,7,8,3,7,6,11,4,8,3,11
C,2,7,3,5,1,5,7,7,9,7,6,14,1,8,4,9
Y,5,6,5,4,2,3,12,5,5,13,11,6,1,11,1,6
L,4,8,5,6,3,3,5,2,9,3,1,9,0,7,1,5
D,1,0,2,1,1,5,7,8,6,7,6,6,2,8,3,8
L,5,7,7,5,5,6,6,8,6,5,6,9,2,8,4,10
O,9,15,6,8,5,5,7,7,4,10,7,10,5,9,5,8
O,5,5,7,4,4,7,6,5,5,9,5,9,3,6,5,6
D,3,8,4,6,4,5,7,9,6,7,6,5,3,8,3,9
H,6,8,9,6,7,5,8,3,7,10,9,9,4,9,4,6
C,2,1,2,1,0,6,7,6,9,7,6,14,0,8,4,10
I,1,9,0,6,0,7,7,4,4,7,6,8,0,8,0,8
H,2,3,3,2,2,7,7,6,5,7,6,8,3,8,2,7
I,0,0,0,0,0,7,7,4,4,7,6,8,0,8,0,8
L,3,9,5,6,6,7,8,3,6,5,7,10,5,12,6,5
O,4,7,6,6,4,8,4,3,4,9,3,8,3,7,4,9
O,5,10,6,8,5,7,7,8,6,7,6,8,3,7,4,8
O,4,7,5,5,4,8,8,7,4,7,7,6,4,9,3,7
D,3,6,4,4,3,7,7,6,5,7,7,6,3,8,3,7
I,3,11,4,8,2,7,7,0,8,13,6,8,0,8,1,8
Y,5,8,5,6,3,6,9,1,8,8,9,4,1,11,4,5
L,2,6,2,4,1,0,2,5,6,0,0,7,0,8,0,8
G,6,9,5,4,3,8,3,4,3,7,3,5,4,7,4,9
I,3,8,4,6,2,7,7,0,8,14,6,8,0,8,1,8
Y,4,6,6,4,5,9,5,7,5,6,9,7,3,9,8,5
H,7,9,10,6,6,6,7,3,7,10,8,9,3,8,3,7
K,6,9,8,6,8,8,8,5,5,7,6,6,8,7,8,13
I,2,11,0,8,1,7,7,5,3,7,6,8,0,8,0,8
K,4,8,6,6,4,5,6,1,7,10,9,11,4,7,4,7
K,5,10,5,5,3,5,8,3,6,9,8,9,5,7,3,8
O,6,13,4,7,4,6,7,6,3,10,7,9,5,9,5,8
O,7,11,9,8,12,8,5,6,2,7,6,8,11,10,8,14
I,5,11,6,9,4,9,5,2,5,6,7,5,1,10,4,7
T,4,9,4,4,2,5,11,2,6,11,8,5,2,8,3,5
D,4,8,4,6,2,5,7,11,8,7,6,5,3,8,4,8
G,9,14,8,8,5,7,4,6,3,8,5,4,4,8,6,6
L,6,11,8,8,10,7,7,3,6,6,7,11,6,11,7,5
X,4,9,7,7,5,7,7,3,9,5,6,10,3,8,6,8
H,3,2,5,3,3,8,7,6,6,7,6,7,3,8,3,7
I,1,5,1,4,1,7,7,1,7,7,6,8,0,8,2,8
G,3,5,4,4,2,6,6,5,5,9,7,10,2,8,4,10
D,2,5,3,3,2,7,7,6,6,7,6,4,2,8,3,7
I,1,5,2,3,1,7,7,0,7,13,6,8,0,8,1,8
D,5,8,6,6,6,10,6,5,6,9,3,6,3,8,3,8
H,4,4,6,3,3,8,7,3,6,10,6,8,3,8,3,8
K,4,7,6,5,4,4,7,2,6,10,9,11,3,8,3,8
Y,6,9,6,4,3,7,6,4,4,9,9,5,3,10,4,4
D,7,10,9,8,7,7,7,5,6,7,6,7,7,8,3,8
K,4,7,6,5,5,6,6,4,6,6,5,8,7,7,7,9
L,3,6,4,4,2,6,4,3,7,6,2,8,1,6,2,7
H,4,8,6,6,6,7,8,5,6,7,6,8,3,8,3,8
D,4,7,5,5,4,8,8,4,5,10,6,4,3,8,3,7
G,4,8,5,6,2,8,6,8,8,7,5,12,2,8,5,10
C,4,7,4,5,2,5,9,6,7,12,9,9,2,10,2,7
I,1,3,2,2,0,7,7,1,7,13,6,9,0,8,1,8
H,5,4,6,6,2,7,7,15,0,7,6,8,3,8,0,8
H,5,10,8,8,7,7,8,7,7,7,5,9,3,8,3,8
G,5,11,5,8,5,5,7,5,4,9,9,9,2,8,5,9
D,3,4,4,7,2,5,7,11,8,6,5,5,3,8,4,8
I,4,10,6,8,7,8,9,3,5,9,5,4,6,9,7,2
Y,4,7,6,9,9,9,6,6,3,7,7,8,7,9,6,5
X,9,14,9,8,5,3,10,3,8,12,11,9,4,8,3,5
Y,5,10,7,8,3,8,9,3,2,6,12,8,2,11,0,8
Y,7,15,6,8,4,5,8,4,3,10,9,6,4,10,4,4
L,3,8,4,6,2,9,3,1,7,9,2,10,0,7,3,9
K,7,10,9,8,5,4,8,3,8,11,11,11,4,6,5,5
O,4,9,3,5,3,6,8,6,4,9,7,9,5,9,4,8
H,3,6,4,4,5,9,9,4,3,6,7,7,6,9,5,6
K,5,7,7,5,5,5,7,2,6,10,8,11,3,8,3,8
D,6,13,6,7,5,11,5,4,6,10,4,7,5,9,6,10
I,4,11,5,8,3,7,7,0,8,14,6,8,0,8,1,8
H,1,0,1,0,0,7,8,10,1,7,5,8,2,8,0,8
K,5,11,7,8,7,9,6,1,6,10,3,8,7,7,6,11
Y,5,8,6,6,3,4,10,2,8,11,11,6,1,11,3,4
I,2,5,4,4,1,7,7,0,8,14,6,9,0,8,1,8
G,6,10,8,8,8,7,9,6,3,6,5,10,5,7,8,7
G,4,4,5,6,2,7,5,7,8,6,5,11,1,8,6,11
I,1,10,0,7,0,7,7,4,4,7,6,8,0,8,0,8
G,4,7,5,5,3,7,7,6,7,10,7,11,2,9,4,9
H,5,10,7,8,7,6,8,5,5,7,6,7,6,7,6,11
K,5,8,7,6,8,7,6,3,4,6,6,8,8,6,7,7
Y,2,3,3,1,1,4,11,2,6,11,10,5,0,10,1,5
Y,6,9,8,6,7,8,4,6,5,8,7,8,8,9,4,6
Y,4,10,6,7,1,6,10,3,2,8,13,8,1,11,0,8
Y,7,10,7,7,3,2,11,5,6,13,13,7,2,11,2,6
Y,5,8,5,6,2,4,10,1,7,10,10,6,1,11,3,3
Y,6,11,6,8,3,4,10,2,7,10,11,6,1,11,3,4
H,5,10,6,7,3,7,7,15,0,7,7,8,3,8,0,8
L,2,4,3,2,1,6,4,1,8,7,2,10,0,7,2,8
K,5,5,5,8,2,4,6,9,2,7,7,11,4,7,3,11
I,2,9,2,7,2,8,7,0,9,7,6,7,0,8,3,7
Y,5,10,7,7,4,7,10,2,7,6,12,9,2,11,2,8
I,0,0,0,0,0,7,7,4,4,7,6,8,0,8,0,8
C,3,5,4,3,2,6,8,7,8,8,8,13,1,9,4,10
Y,5,10,5,7,2,3,11,4,6,12,12,6,1,11,2,6
B,2,1,2,1,1,7,7,7,5,6,5,7,1,8,7,10
O,5,9,6,6,5,7,8,8,4,7,8,8,3,7,3,8
Y,6,8,8,10,11,9,8,7,3,7,7,8,7,10,6,4
Y,8,11,8,8,5,3,11,2,6,11,11,6,1,11,2,5
Y,7,9,7,6,3,4,10,2,8,10,11,5,2,13,4,3
Y,3,5,6,7,1,6,11,2,3,9,12,8,1,10,0,8
Y,2,6,4,4,1,9,10,3,2,5,13,8,2,11,0,8
L,1,0,1,0,0,2,1,5,4,1,2,5,0,8,0,8
L,2,3,3,5,1,0,1,5,6,0,0,7,0,8,0,8
G,5,11,6,8,9,7,5,4,4,7,5,11,7,8,9,14
D,6,11,6,6,4,5,9,5,7,10,7,6,5,8,6,5
O,4,6,6,4,3,7,5,7,5,8,4,10,3,7,3,8
O,4,7,5,5,3,7,6,8,4,8,5,10,3,8,3,8
L,5,11,6,8,6,6,6,6,5,6,5,8,5,7,4,10
D,5,10,6,7,6,8,9,5,5,11,6,5,5,8,5,9
Y,5,10,7,8,3,7,10,1,3,7,12,8,1,11,0,8
I,2,10,2,7,2,7,7,0,8,7,6,8,0,8,3,8
H,4,5,6,8,5,9,9,3,1,7,6,7,3,10,8,7
Y,4,7,6,5,2,5,10,2,8,10,12,8,1,11,2,7
I,3,10,4,7,2,7,8,0,8,13,6,7,0,8,1,7
O,1,1,2,1,1,8,7,7,4,7,6,8,2,8,3,8
I,4,12,3,6,2,11,5,4,4,12,3,7,3,8,5,10
I,1,1,1,3,1,7,7,1,6,7,6,8,0,8,2,8
L,3,7,4,5,2,4,3,5,8,1,1,5,0,7,1,5
I,1,1,1,3,1,7,7,1,7,7,6,8,0,8,2,8
I,3,10,4,8,2,7,7,0,8,13,6,8,0,8,1,8
H,4,11,5,8,3,7,7,15,1,7,6,8,3,8,0,8
D,1,4,3,2,2,9,6,3,5,10,5,6,2,8,2,8
H,4,7,4,5,3,7,7,12,0,7,7,7,3,8,0,8
I,3,10,4,7,3,9,5,0,7,13,5,9,0,7,2,9
H,1,0,2,0,0,7,7,11,1,7,6,8,3,8,0,8
H,3,3,4,4,2,7,5,14,1,7,9,8,3,9,0,8
O,5,9,6,7,3,8,8,9,8,6,8,9,3,8,4,8
K,4,7,6,6,6,10,6,2,3,9,3,8,5,6,6,13
K,4,5,5,7,2,4,8,8,2,7,4,11,3,8,2,11
I,0,9,0,6,0,7,7,4,4,7,6,8,0,8,0,8
H,5,10,8,8,7,7,8,2,6,10,7,8,3,8,3,7
I,1,5,0,7,0,7,7,4,4,7,6,8,0,8,0,8
I,1,7,0,5,0,7,7,5,3,7,6,8,0,8,0,8
H,4,2,5,4,4,7,8,6,6,7,6,8,3,8,3,8
I,1,6,0,4,1,7,7,5,3,7,6,8,0,8,0,8
I,4,7,5,5,3,7,8,2,7,7,6,9,0,8,4,8
G,4,4,5,6,3,7,5,7,8,6,5,8,2,8,6,11
I,0,1,0,1,0,7,7,4,4,7,6,8,0,8,0,8
H,4,9,5,6,2,7,6,15,1,7,8,8,3,8,0,8
D,3,6,4,4,5,9,7,5,4,7,5,7,4,7,6,5
O,6,9,4,4,2,8,7,5,5,8,4,7,4,9,5,8
L,6,11,9,8,11,7,7,3,6,6,7,11,6,11,9,7
H,4,7,6,9,7,8,10,4,1,8,6,6,4,10,9,5
H,3,4,6,3,3,7,8,3,6,10,6,8,3,8,3,7
I,3,9,4,7,2,7,7,0,8,14,6,8,0,8,1,8
C,4,8,4,6,2,5,7,6,7,11,9,14,1,9,3,8
D,2,3,3,1,2,9,6,3,6,10,4,6,2,8,2,9
I,1,6,0,4,1,7,7,5,3,7,6,8,0,8,0,8
D,4,9,4,4,3,7,8,4,7,10,5,6,4,8,5,6
H,6,8,8,6,7,6,8,7,6,8,5,7,6,7,5,10
Y,6,8,6,6,4,3,9,2,6,10,11,7,2,11,2,5
I,1,6,3,4,3,8,7,2,4,8,5,5,3,9,4,5
I,1,4,0,6,0,7,7,4,4,7,6,8,0,8,0,8
C,4,9,5,7,4,5,7,8,7,10,8,13,2,11,4,10
Y,2,1,4,2,1,7,11,1,7,7,11,8,1,11,2,8
Y,5,10,6,8,6,8,7,6,5,5,9,8,3,9,10,7
G,5,10,6,8,5,6,6,6,5,9,7,12,3,8,5,9
D,3,2,4,3,2,7,7,6,7,6,6,5,2,8,3,7
H,4,5,5,4,4,8,7,6,6,7,6,8,3,8,3,7
O,5,9,6,6,3,8,6,8,8,7,5,9,3,8,4,8
Y,6,9,6,7,4,5,9,1,7,9,9,6,3,10,5,4
K,3,5,5,4,3,5,7,4,8,7,6,11,3,8,5,9
G,3,7,5,5,6,7,6,4,3,6,5,10,6,8,6,10
D,6,9,6,4,3,10,4,6,5,13,4,11,5,6,4,8
O,7,11,9,8,11,8,9,6,2,7,7,8,9,9,6,12
E,4,8,6,6,6,7,7,3,6,7,7,10,4,9,8,8
K,5,10,6,7,2,3,8,8,2,7,5,11,4,8,3,10
H,4,7,6,9,5,10,11,3,2,7,8,8,3,11,7,10
Y,3,5,4,4,2,4,10,2,7,11,10,6,1,11,3,5
K,7,12,7,7,4,5,8,3,5,10,9,11,5,9,3,7
D,6,9,6,5,3,8,6,5,6,10,4,6,4,7,6,10
D,4,8,6,6,5,8,8,5,6,10,5,4,3,8,4,8
H,2,3,4,2,2,8,7,3,5,10,6,8,3,8,2,8
G,4,6,4,4,2,6,7,6,6,9,8,10,2,8,4,9
K,3,4,5,3,3,9,6,2,6,10,4,9,4,7,4,9
O,6,10,7,8,6,7,7,8,4,7,6,8,3,8,3,8
I,1,10,0,7,1,7,7,5,3,7,6,8,0,8,0,8
Y,1,0,2,0,0,7,10,3,1,7,12,8,1,11,0,8
I,1,9,2,7,3,8,7,0,7,7,6,7,0,8,2,7
C,2,1,3,2,1,6,7,6,10,7,6,14,0,8,4,9
L,1,0,1,0,0,2,2,5,4,1,2,6,0,8,0,8
C,4,8,5,6,3,5,8,6,6,8,8,15,3,10,4,10
G,5,8,6,6,4,6,7,5,4,9,8,9,2,7,5,9
D,8,11,8,6,4,9,6,5,6,12,4,8,6,6,6,10
I,1,3,1,2,0,7,8,0,6,12,6,8,0,8,0,7
X,6,9,8,8,8,8,7,2,5,7,6,7,4,9,8,8
D,3,7,4,5,4,8,8,6,5,9,6,4,3,8,3,6
I,1,3,0,2,0,7,7,1,7,7,6,8,0,8,2,8
G,4,9,5,7,2,7,6,8,9,7,5,11,1,8,5,10
K,7,9,7,5,4,6,8,2,6,10,4,9,5,6,3,8
Z,5,10,6,8,3,7,7,4,15,9,6,8,0,8,8,8
I,1,3,2,2,1,7,8,0,6,13,6,7,0,8,0,7
I,4,7,5,5,3,8,4,2,6,7,7,7,1,10,4,7
J,2,6,2,4,1,9,7,2,6,11,3,7,0,7,1,6
O,2,1,2,1,1,8,7,7,6,7,6,8,2,8,3,8
K,8,14,8,8,5,10,6,3,6,11,2,6,5,8,4,9
D,3,7,4,5,3,6,8,9,7,7,6,5,2,8,3,7
D,3,5,5,4,3,9,6,4,7,10,4,6,2,8,3,8
H,3,8,5,6,7,8,9,5,3,7,7,7,9,8,9,8
I,2,8,3,6,1,7,7,0,7,13,6,8,0,8,1,8
Y,5,9,7,7,6,9,5,7,5,7,9,8,3,9,8,4
Y,3,6,4,4,2,4,10,1,6,9,10,5,1,11,3,4
K,6,7,8,5,6,9,6,1,6,10,3,8,7,7,6,10
J,3,10,4,8,1,11,2,11,3,12,8,14,1,6,0,8
G,4,6,6,4,5,7,7,5,3,6,6,10,4,8,7,8
H,3,5,6,4,4,9,6,3,6,10,4,7,3,8,3,8
I,6,10,7,8,4,8,4,1,6,7,7,8,1,10,4,8
H,4,9,5,6,2,7,9,15,2,7,3,8,3,8,0,8
Y,8,7,6,10,4,9,7,6,6,4,10,7,5,10,3,7
H,6,11,6,6,3,8,8,3,4,9,6,7,6,9,5,9
Y,4,5,6,8,9,7,5,4,3,8,8,9,5,10,6,10
H,3,4,6,3,3,8,8,3,6,10,6,7,3,8,3,8
H,4,5,5,7,3,7,7,15,0,7,6,8,3,8,0,8
Y,9,9,7,13,5,7,8,4,3,6,11,5,5,10,6,6
Y,5,7,8,10,11,8,9,4,2,6,8,9,4,11,8,8
G,3,6,4,4,2,8,6,7,7,6,6,9,1,7,6,11
G,4,8,4,6,3,7,7,6,6,10,7,11,2,9,4,9
L,3,6,3,4,1,0,1,6,6,0,0,6,0,8,0,8
K,2,1,3,3,2,6,7,4,7,6,6,10,3,8,5,8
Y,4,6,7,8,1,6,10,3,2,8,13,8,1,11,0,8
I,5,9,4,4,2,7,10,2,5,13,5,4,1,9,5,8
Y,3,8,5,6,2,8,10,2,2,6,12,8,1,11,0,8
Y,6,9,6,6,4,5,9,1,7,8,9,5,2,11,3,4
I,5,10,6,8,4,7,7,0,8,13,6,8,0,8,1,8
D,6,10,6,5,3,8,6,5,6,12,4,7,5,7,5,9
K,8,11,11,8,7,5,7,2,7,10,8,11,3,8,3,7
H,4,9,4,7,4,7,7,13,1,7,6,8,3,8,0,8
H,5,9,8,7,8,8,7,5,7,7,6,9,6,8,4,8
O,4,5,6,7,3,8,7,9,8,7,6,8,3,8,4,8
Y,5,8,7,6,4,9,10,1,7,3,11,8,2,12,2,9
O,3,7,4,5,2,7,6,8,8,7,4,8,3,8,4,8
I,4,7,5,5,3,9,5,2,6,6,7,5,0,9,4,7
H,3,8,5,6,6,8,7,4,2,6,6,7,6,8,8,7
Y,4,11,6,8,1,8,10,3,2,6,13,8,2,11,0,8
Y,3,5,5,8,1,6,10,2,2,7,13,8,2,11,0,8
H,9,15,8,8,5,6,7,5,4,8,10,9,7,11,5,9
G,2,3,3,2,1,7,7,5,6,10,6,10,2,9,3,9
O,4,7,5,5,3,7,7,7,6,7,6,7,2,8,3,8
Y,6,8,6,6,4,4,9,1,8,10,10,6,0,10,3,4
I,1,10,0,7,0,7,7,4,4,7,6,8,0,8,0,8
D,3,5,5,3,3,9,6,4,6,10,4,6,2,8,3,8
L,4,9,4,7,2,0,2,4,6,1,0,8,0,8,0,8
K,7,13,7,8,4,6,7,3,6,9,9,10,6,10,3,7
Y,5,6,4,9,3,7,8,3,2,7,10,5,4,10,5,6
Y,3,8,5,5,1,8,12,2,3,6,12,8,1,10,0,8
H,4,9,4,7,4,7,9,13,2,7,4,8,3,8,0,8
K,2,4,3,3,2,5,7,4,7,6,6,11,3,8,5,9
Y,4,6,4,4,2,2,11,3,5,11,12,7,2,11,2,5
K,8,11,11,8,9,8,6,1,6,9,5,9,7,7,6,9
H,1,0,2,0,0,7,8,11,1,7,6,8,2,8,0,8
L,3,7,4,5,2,7,4,2,8,7,2,8,1,6,3,8
K,5,9,8,6,4,3,8,3,8,12,12,12,3,8,4,5
O,3,6,4,4,3,7,8,6,4,10,7,6,3,9,3,8
Y,4,6,4,4,2,5,9,2,8,9,10,5,1,11,4,4
Y,3,4,5,6,6,7,8,4,1,6,8,9,4,11,7,7
H,6,11,6,8,3,7,5,15,1,7,9,8,3,8,0,8
Y,3,6,4,4,1,5,11,2,2,8,12,8,1,11,0,8
O,1,0,1,0,0,7,7,6,3,7,6,8,2,8,3,8
G,5,7,6,5,6,7,8,6,2,6,6,9,5,7,7,7
O,3,3,5,5,2,8,6,8,8,7,4,8,3,8,4,8
K,6,8,8,6,4,3,9,3,7,11,11,11,4,7,4,5
H,4,4,6,3,3,7,6,3,6,10,5,9,4,6,4,7
X,2,3,3,2,1,8,7,3,8,6,6,8,2,8,5,8
H,3,7,4,4,2,7,6,14,1,7,7,8,3,8,0,8
I,1,4,2,3,1,7,7,0,7,13,6,8,0,8,1,8
I,0,0,0,0,0,7,7,4,4,7,6,8,0,8,0,8
K,4,6,6,4,5,8,8,5,4,7,6,7,7,6,6,11
D,3,8,5,6,5,7,7,6,5,6,5,5,3,8,2,7
I,2,8,2,6,2,7,7,0,7,7,6,8,0,8,3,8
H,4,7,6,5,4,6,8,3,6,10,8,9,3,8,3,7
O,4,8,4,6,4,8,7,8,3,10,6,8,3,8,3,8
I,2,7,3,5,1,8,6,0,7,13,6,9,0,8,1,8
Y,9,9,8,13,5,9,10,2,4,5,11,5,4,10,7,8
Y,5,6,5,4,2,3,11,3,7,12,12,6,2,11,2,5
O,3,4,4,3,2,8,6,7,4,9,5,8,2,8,3,8
I,1,5,2,4,1,7,7,0,7,13,6,8,0,8,1,8
K,3,5,5,4,4,6,7,3,3,6,4,9,4,6,7,8
I,1,9,0,7,1,7,7,5,3,7,6,8,0,8,0,8
Y,2,2,4,4,2,7,10,1,7,7,11,8,1,11,2,8
Y,3,3,5,4,1,5,10,3,2,8,13,8,2,11,0,8
O,7,10,5,5,3,7,8,5,5,9,5,6,4,9,5,8
O,2,5,3,4,2,8,7,7,4,9,6,8,2,8,2,8
Y,4,5,5,3,2,4,11,2,7,12,10,5,1,11,2,4
L,2,6,3,4,2,8,3,3,6,7,2,7,1,6,2,8
H,7,9,7,4,4,7,8,3,5,11,7,8,6,9,4,8
I,2,11,0,8,0,7,7,4,4,7,6,8,0,8,0,8
K,3,4,4,6,2,3,7,8,3,7,6,11,4,8,2,11
D,5,7,6,5,5,10,6,3,6,11,4,7,3,8,3,9
L,3,7,4,5,3,9,3,1,7,9,2,10,0,6,2,10
H,6,8,8,6,5,10,6,3,7,10,3,7,4,9,4,10
L,6,15,6,8,4,7,5,3,5,11,7,11,3,8,6,9
K,3,2,4,4,3,6,7,4,7,6,6,10,3,8,5,9
K,3,9,4,7,2,3,7,7,3,7,7,11,3,8,3,10
Y,2,7,4,5,2,7,10,1,6,6,11,8,1,11,1,8
H,4,7,5,5,4,8,6,13,1,7,7,8,3,8,0,8
K,4,7,6,5,3,6,6,2,7,10,7,10,3,8,4,8
D,1,3,2,2,1,9,6,3,4,10,4,6,2,8,2,8
D,7,12,6,6,4,8,5,4,6,8,4,7,5,6,6,10
O,8,10,6,5,3,8,6,5,5,8,4,8,5,9,5,8
I,2,10,2,8,2,7,7,0,8,7,6,8,0,8,3,8
O,3,5,4,3,2,8,7,7,5,9,5,8,2,8,3,8
Y,4,10,6,7,4,4,8,2,7,10,13,10,2,11,2,6
G,4,5,5,8,2,7,6,8,8,6,5,11,2,8,6,11
I,1,3,1,1,1,7,7,2,7,7,6,8,0,8,2,8
H,5,8,6,6,5,7,7,7,6,7,7,8,3,8,3,8
Y,1,0,2,0,0,7,10,1,3,7,12,8,1,11,0,8
Y,2,9,4,6,1,8,10,2,3,6,12,8,1,10,0,8
I,2,8,2,6,2,7,7,0,8,7,6,8,0,8,3,8
I,1,9,2,6,2,7,7,0,6,7,6,8,0,8,2,8
K,5,8,5,6,2,4,7,8,1,7,6,12,4,8,3,11
O,2,4,3,3,2,8,7,6,4,9,5,8,2,8,2,8
L,1,4,3,3,1,6,5,2,9,7,2,10,0,7,3,7
D,2,5,4,3,3,9,6,4,6,10,4,6,2,8,3,8
Y,4,10,6,7,1,9,10,3,2,6,13,8,2,11,0,8
O,5,8,7,6,8,8,10,5,3,7,7,8,7,9,4,9
H,6,11,6,8,3,7,6,15,0,7,7,8,3,8,0,8
H,3,3,6,2,3,8,7,3,6,10,5,8,3,8,3,8
D,5,9,6,6,6,7,7,8,6,6,5,4,4,8,4,8
G,2,3,2,2,1,6,8,5,4,9,8,9,2,8,4,9
Y,3,3,5,4,1,7,11,2,2,7,12,8,1,11,0,8
Y,4,5,5,7,6,9,9,6,3,6,8,8,5,10,6,4
O,3,5,4,4,3,7,7,7,4,9,5,7,2,8,3,7
H,3,6,4,4,5,7,8,4,2,7,6,7,7,9,7,8
G,4,9,4,4,3,7,7,3,2,8,5,7,3,10,8,7
D,6,7,8,6,8,7,6,5,6,7,5,9,5,6,8,3
C,4,9,5,7,3,5,8,6,8,12,9,13,2,10,3,7
G,4,11,6,8,6,7,6,7,5,4,7,9,3,6,5,9
Y,3,9,5,6,1,8,10,2,3,7,12,8,1,11,0,8
I,1,6,0,8,1,7,7,4,4,7,6,8,0,8,0,8
Y,5,10,7,7,4,4,10,2,8,11,12,9,3,9,2,6
D,2,2,3,3,2,8,7,6,7,6,6,4,2,8,3,6
L,3,3,3,4,1,1,0,6,6,0,1,5,0,8,0,8
Y,3,9,5,6,1,7,11,1,3,7,12,8,1,10,0,8
I,5,9,4,4,2,9,7,6,4,13,5,8,3,8,5,10
H,7,11,10,8,8,5,9,3,6,10,9,8,6,11,5,6
I,2,7,3,5,2,7,9,0,6,13,6,7,0,8,1,7
H,4,7,6,5,5,7,7,2,6,10,6,8,3,8,3,8
G,5,11,5,8,5,5,7,6,4,9,9,10,2,8,4,10
K,3,4,6,3,3,7,7,1,6,10,5,9,4,7,4,8
Y,2,4,3,3,1,3,12,3,6,12,10,5,1,11,2,5
H,5,10,6,7,3,7,6,15,1,7,8,8,3,8,0,8
Y,8,13,6,8,4,6,8,4,4,10,7,5,3,10,4,4
L,4,9,6,7,3,6,3,1,9,8,2,11,0,7,2,8
D,4,7,4,5,4,5,7,8,7,6,5,6,2,8,3,8
H,3,5,5,3,3,8,6,2,6,10,5,8,3,7,3,8
G,3,4,4,3,2,6,7,5,5,10,7,10,2,9,4,9
I,2,8,3,6,1,9,7,0,8,14,5,8,0,8,1,8
L,4,8,5,6,3,2,4,2,8,2,0,9,0,7,1,6
O,3,9,5,7,4,7,8,8,6,7,9,7,3,8,4,9
G,4,6,5,4,5,9,8,6,2,5,7,9,6,10,3,8
I,1,3,2,2,1,7,8,1,7,13,6,8,0,8,1,7
H,4,5,5,4,4,7,7,6,6,7,6,8,3,8,3,7
I,2,11,3,8,4,8,7,0,7,7,6,8,0,8,3,7
D,4,6,6,4,3,11,6,3,8,11,3,6,3,8,3,9
K,5,8,8,7,7,7,7,2,4,7,3,8,6,4,8,11
Y,7,9,7,6,5,5,9,1,8,10,10,6,3,11,5,3
H,6,9,7,4,4,7,8,3,5,10,6,8,6,9,5,8
C,4,6,5,4,5,6,6,4,4,7,6,11,5,9,3,8
I,4,9,6,6,3,9,8,2,8,7,6,6,0,8,4,7
D,5,7,6,5,5,7,7,4,6,7,7,9,6,7,3,7
I,3,11,5,8,6,9,6,3,4,8,5,5,5,8,5,5
D,2,1,3,1,2,6,7,6,6,7,6,5,2,8,2,7
I,2,8,3,6,2,7,7,0,8,13,6,8,0,8,1,7
H,6,11,8,8,7,7,7,7,7,7,6,8,3,8,4,7
C,1,3,2,2,1,7,8,6,5,9,7,11,2,10,3,10
Z,4,10,5,8,2,7,7,4,14,10,6,8,0,8,8,8
H,3,6,4,4,2,7,7,14,1,7,6,8,3,8,0,8
O,2,2,3,3,2,7,7,7,4,7,6,8,2,8,3,8
K,6,9,9,6,5,9,6,2,7,10,3,8,6,8,6,10
I,4,8,5,6,3,7,6,2,6,7,6,8,0,9,4,8
K,1,0,1,0,0,5,7,7,1,7,6,11,2,8,2,11
Y,4,11,6,8,2,9,10,1,3,6,12,8,1,11,0,8
D,2,1,2,1,1,7,7,6,6,7,6,5,2,8,2,7
O,4,9,3,5,2,6,7,6,3,10,6,9,5,9,5,7
I,1,11,0,8,0,7,7,4,4,7,6,8,0,8,0,8
Y,4,7,6,5,2,9,11,1,7,3,11,8,1,11,2,9
I,6,8,8,9,7,7,8,4,7,6,8,7,4,8,11,9
G,4,9,5,6,7,8,7,5,2,6,6,8,8,8,7,12
Y,3,5,4,4,2,4,10,1,8,10,10,6,1,10,3,4
D,8,12,8,6,4,11,3,3,6,10,2,8,4,7,3,12
L,4,7,5,5,6,6,7,3,6,7,7,11,6,11,6,5
Y,3,5,5,8,7,10,10,4,2,4,8,9,4,13,6,8
Y,3,9,5,6,2,7,11,0,4,7,11,8,0,10,0,8
Y,2,3,4,4,0,7,10,2,2,7,13,8,1,11,0,8
I,3,8,4,6,2,6,8,0,8,14,7,8,0,8,1,7
O,4,8,5,6,3,7,5,8,5,6,4,7,3,8,3,8
K,6,8,9,7,7,10,4,2,3,10,3,8,6,6,7,13
D,3,5,4,4,3,7,7,7,6,7,6,5,2,8,3,7
D,2,3,4,2,2,9,6,4,6,10,4,6,2,8,3,8
I,2,2,1,4,1,7,7,1,7,7,6,8,0,8,3,8
K,4,10,6,7,6,6,7,3,7,6,5,8,3,8,5,9
G,5,8,6,6,4,7,6,7,8,7,5,11,3,11,5,8
G,5,11,4,6,3,7,7,4,3,9,6,7,3,10,8,7
I,3,8,4,6,2,7,8,0,8,14,6,6,0,8,1,7
